⌚	montre	heure|montre
⌛	sablier	chronomètre|minuteur|sable|sablier|temps
⏩	bouton avance rapide	avance|avance rapide|bouton|bouton avance rapide|double flèche|flèche Avance rapide
⏪	bouton retour rapide	bouton|bouton retour rapide|double flèche|flèche|flèche Retour rapide|retour|retour rapide
⏫	double flèche vers le haut	double flèche vers le haut|flèche double|flèche vers le haut|haut|rapide
⏬	double flèche vers le bas	bas|double flèche vers le bas|flèche double|flèche vers le bas|rapide
⏰	réveil	alarme|attendre|dring|heure|matin|retard|réveil|sonnerie
⏳	sablier avec sable qui coule	attendre|chronomètre|minuteur|sable|sablier|sablier avec sable qui coule|temps
◽	carré petit moyen blanc	carré|carré petit moyen blanc|forme|géométrie
◾	carré petit moyen noir	carré|carré petit moyen noir|forme|géométrie
☔	parapluie avec gouttes de pluie	gouttes|météo|parapluie|parapluie avec gouttes|parapluie avec gouttes de pluie|pluie
☕	boisson chaude	boisson|boisson chaude|café|caféine|matin|thé
♈	bélier zodiaque	astrologie|Bélier|horoscope|zodiaque
♉	taureau	astrologie|horoscope|taureau|Taureau|zodiaque
♊	gémeaux	astrologie|gémeaux|Gémeaux|horoscope|zodiaque
♋	cancer	astrologie|cancer|Cancer|crabe|horoscope|zodiaque
♌	lion	astrologie|horoscope|lion|Lion|zodiaque
♍	vierge	astrologie|horoscope|vierge|Vierge|zodiaque
♎	balance	astrologie|balance|Balance|horoscope|justice|zodiaque
♏	scorpion zodiaque	astrologie|horoscope|Scorpion|zodiaque
♐	sagittaire	astrologie|horoscope|sagittaire|Sagittaire|zodiaque
♑	capricorne	astrologie|capricorne|Capricorne|chèvre|horoscope|zodiaque
♒	verseau	astrologie|eau|horoscope|verseau|Verseau|zodiaque
♓	poissons	astrologie|horoscope|poissons|Poissons|zodiaque
♿	symbole Accès handicapés	accès|accès handicapés|fauteuil roulant|mobilité réduite|symbole Accès handicapés
⚓	ancre	ancre|bateau|outil|voyage
⚡	haute tension	courant|danger|éclair|électricité|haute tension|nature|orage|symbole haute tension|tension|vitesse
⚪	disque blanc	blanc|cercle|disque blanc|forme géométrique|géométrie|rond
⚫	disque noir	cercle|disque noir|forme géométrique|géométrie|noir|rond
⚽	ballon de football	balle|ballon|ballon de football|football|sport
⚾	baseball	balle|balle de baseball|baseball|sport
⛄	bonhomme de neige sans neige	bonhomme de neige|bonhomme de neige sans flocons|bonhomme de neige sans neige|froid|neige
⛅	soleil derrière les nuages	caché|météo|nuage|nuageux|soleil|soleil derrière les nuages|soleil derrière nuages
⛎	serpentaire	ophiuchus|Ophiuchus|serpent|serpentaire|zodiaque
⛔	sens interdit	circulation|entrée interdite|interdiction|interdit|non|panneau|sens interdit
⛪	église	bâtiment|chapelle|chrétien|croix|église|religion|voyage
⛲	fontaine	eau|fontaine
⛳	drapeau de golf	drapeau de golf|golf|sport|trou
⛵	voilier	bateau|mer|moyen de transport|plaisance|voilier|voyage|yacht
⛺	tente	camping|nature|tente|voyage
⛽	pompe à essence	diesel|essence|gazole|pompe à essence|station
✅	bouton coché	✓|bouton coché|carré|coche|coche blanche|marque|OK|oui|sélection|terminé|voilà
✊	poing levé	main|pierre|poing|poing levé|poing serré|solidarité
✋	main levée	feuille|main|main levée|paume de la main|stop|tope là
✨	étincelles	*|étincelles|étoile|étoiles|magie|nuit|nuit étoilée|scintiller
❌	croix	×|annuler|croix|croix rouge|multiplication|multiplier|x
❎	bouton croix	×|bouton croix|croix|multiplier|vert|x
❓	point d’interrogation rouge	?|interrogation|point d’interrogation|point d’interrogation rouge|ponctuation|question
❔	point d’interrogation blanc	?|interrogation|point d’interrogation blanc|ponctuation|question
❕	point d’exclamation blanc	!|exclamation|point d’exclamation blanc|ponctuation|surprise
❗	point d’exclamation rouge	!|exclamation|point d’exclamation|point d’exclamation rouge|ponctuation
➕	plus	+|addition|ajouter|arithmétique|mathématiques|plus|signe plus|signe Plus|somme
➖	moins	-|−|arithmétique|mathématiques|moins|signe moins|signe Moins|soustraction|soustraire
➗	signe diviser	÷|algèbre|diviser|division|math|mathématique|mathématiques|signe
➰	boucle	boucle|bouclette
➿	double boucle	boucle|double boucle
⬛	grand carré noir	carré|forme|forme géométrique|géométrie|grand carré noir
⬜	grand carré blanc	carré|forme|géométrie|grand carré blanc
⭐	étoile	astronomie|étoile|nuit
⭕	cercle rouge	0|anneau|cercle|gros cercle|o|O|rouge
🀄	dragon rouge mahjong	dragon rouge mahjong|jeu|mah-jong|mahjong|rouge
🃏	carte Joker	carte Joker|cartes à jouer|jeu|Joker
🆎	groupe sanguin AB	AB|groupe sanguin|groupe sanguin AB
🆑	bouton Effacer	bouton Effacer|CL|effacer|icône Effacer
🆒	bouton Cool	bouton Cool|cool|icône Cool
🆓	bouton Gratuit	bouton Gratuit|gratuit|icône Gratuit
🆔	bouton Identifiant	bouton|icône Identifiant|ID|identifiant
🆕	bouton Nouveau	bouton Nouveau|icône Nouveau|nouveau|nouveauté
🆖	bouton Pas bien	bouton NG|bouton Pas bien|interdit|mauvais|NG
🆗	bouton OK	bouton OK|icône OK|OK
🆘	bouton SOS	à l’aide|au secours|bouton SOS|icône SOS|SOS
🆙	bouton Vers le haut	bouton Vers le haut|icône Nouveauté|nouveau|nouveauté|up
🆚	bouton VS	bouton VS|contre|icône Contre|versus|vs
🈁	bouton ici en japonais	bouton ici en japonais|ici|idéogramme|idéogramme katakana ici|japonais
🈚	bouton gratuit en japonais	bouton gratuit en japonais|gratuit|idéogramme|japonais
🈯	bouton réservé en japonais	bouton réservé en japonais|idéogramme|japonais|réservé
🈲	bouton interdit en japonais	bouton interdit en japonais|idéogramme|idéogramme interdit|japonais
🈳	bouton chambres disponibles en japonais	bouton chambres disponibles en japonais|chambres disponibles|idéogramme|idéogramme vide|japonais
🈴	bouton note pour réussir en japonais	bouton note pour réussir en japonais|idéogramme|japonais|note de passage|note pour réussir
🈵	bouton complet en japonais	bouton complet en japonais|complet|idéogramme|idéogramme plénitude|japonais
🈶	bouton pas gratuit en japonais	bouton pas gratuit en japonais|idéogramme|japonais|pas gratuit|payant
🈸	bouton application en japonais	application|bouton application en japonais|idéogramme|idéogramme appliquer|japonais
🈹	bouton réduction en japonais	bouton réduction en japonais|idéogramme|japonais|rabais|réduction
🈺	bouton ouvert pour affaires en japonais	bouton ouvert pour affaires en japonais|idéogramme|japonais|ouvert|ouvert pour affaires
🉐	bouton bonne affaire en japonais	bonne affaire|bouton bonne affaire en japonais|idéogramme|idéogramme avantage|japonais
🉑	bouton accepter en japonais	acceptable|accepter|bouton accepter en japonais|idéogramme|japonais
🌀	cyclone	cyclone|spirale|tourbillon|typhon|vertige
🌁	brume	brouillard|brume|voyage
🌂	parapluie fermé	météo|parapluie|parapluie fermé|pluie
🌃	nuit étoilée	étoiles|nuit|nuit étoilée|ville|voyage
🌄	soleil levant derrière les montagnes	lever de soleil|matin|nature|soleil|soleil levant derrière les montagnes|voyage
🌅	soleil levant	lever de soleil|matin|nature|soleil|soleil levant|voyage
🌆	ville au crépuscule	coucher de soleil|crépuscule|immeubles|soir|soleil|tombée de la nuit|ville|ville au crépuscule|voyage
🌇	coucher de soleil	coucher de soleil|coucher de soleil en ville|crépuscule|soir|soleil|tombée de la nuit|ville|voyage
🌈	arc-en-ciel	arc-en-ciel|bisexuelle|Gay Pride|homosexuelle|lesbienne|LGBTQIA|météo|nature|pluie|transgenre
🌉	pont de nuit	nuit|pont|pont de nuit
🌊	vague	eau|Kanagawa|lame|large|marée|mer|nature|océan|remous|rouleau|surf|vague
🌋	volcan	éruption|lave|nature|volcan
🌌	voie lactée	espace|voie lactée
🌍	globe tourné sur l’Afrique et l’Europe	afrique|Afrique|espace|europe|Europe|globe|globe présentant l’Europe et l’Afrique|globe tourné sur l’Afrique et l’Europe|monde|planète|Terre
🌎	globe tourné sur les Amériques	amérique|Amérique|espace|globe|globe présentant l’Amérique|globe tourné sur les Amériques|monde|planète|Terre
🌏	globe tourné sur l’Asie et l’Australie	asie|Asie|australie|Australie|espace|globe|globe présentant l’Asie et l’Australie|globe tourné sur l’Asie et l’Australie|monde|planète|Terre
🌐	globe avec méridiens	globe avec méridiens|globe terrestre|Internet|méridiens|monde|net|toile
🌑	nouvelle lune	espace|lune|nouvelle lune|sombre
🌒	lune croissante	espace|lune|lune croissante|nuit
🌓	premier quartier de lune	espace|lune|nuit|premier quartier|premier quartier de lune|quartier
🌔	lune gibbeuse croissante	croissant|espace|gibbeux|lune|lune gibbeuse croissante|nuit
🌕	pleine lune	espace|lune|nuit|pleine lune
🌖	lune gibbeuse décroissante	décroissant|espace|gibbeux|lune|lune gibbeuse décroissante|nuit
🌗	dernier quartier de lune	dernier quartier|dernier quartier de lune|espace|lune|quartier
🌘	lune décroissante	croissant|croissant de lune|espace|lune|lune décroissante|lune descendante|nuit
🌙	croissant de lune	croissant|croissant de lune|espace|lune|nuit|Ramadan
🌚	nouvelle lune avec visage	espace|lune|nouvelle lune à visage|nouvelle lune avec visage|nuit|visage
🌛	premier quartier de lune avec visage	croissant de lune|espace|lune|lune à visage|nuit|premier quartier de lune|premier quartier de lune avec visage|quartier|visage
🌜	dernier quartier de lune avec visage	croissant de lune|dernier quartier de lune|dernier quartier de lune avec visage|lune|lune à visage|nuit|quartier|visage
🌝	pleine lune avec visage	lune|lune à visage|nuit|pleine lune|pleine lune avec visage|sourire|visage
🌞	soleil avec visage	chaleur|chaud|éclatant|ensoleillé|jour|lumière|météo|plage|rayon de soleil|soleil|soleil à visage|soleil avec visage
🌟	étoile brillante	éclat|étincelant|étincelle|étoile|étoile brillante|nuit|nuit étoilée|succès
🌠	étoile filante	espace|étoile|étoile filante|nuit
🌭	hot dog	hot dog|nourriture|saucisse|saucisse de Francfort
🌮	taco	mexicain|nourriture|taco
🌯	burrito	burrito|kebab|mexicain|wrap
🌰	châtaigne	châtaigne|marron|nourriture|plante
🌱	jeune pousse	germe|jeune plant|jeune pousse|plante|plantule|pousser|printemps|semis
🌲	conifère	arbre|conifère|feuilles persistantes|forêt|pin|plante|sapin|sapin de Noël
🌳	arbre à feuilles caduques	arbre|arbre à feuilles caduques|feuilles caduques|feuillu|forêt|nature|plante
🌴	palmier	arbre|cocotier|palmier|plage|plante|tropical|tropiques
🌵	cactus	cactus|désert|épines|nature|piquant|plante|sécheresse
🌷	tulipe	bourgeon|fleur|plante|printemps|tulipe
🌸	fleur de cerisier	bourgeon|fleur|fleur de cerisier|plante|printemps
🌹	rose	amour|beauté|fleur|plante|rose|rouge|Saint-Valentin
🌺	hibiscus	fleur|hibiscus|plante
🌻	tournesol	champs|fleur|plante|soleil|tournesol
🌼	bourgeon	bourgeon|bouton d’or|dent-de-lion|fleur|pissenlit|plante|printemps
🌽	épi de maïs	épi|épi de maïs|ferme|maïs|nourriture
🌾	plant de riz	grain|plant de riz|plante|riz
🌿	feuille	arbre|feuille|feuilles|plante
🍀	trèfle à quatre feuilles	4|chance|feuilles|Irlande|plante|porte-bonheur|quatre|trèfle|trèfle à quatre feuilles
🍁	feuille d’érable	automne|érable|feuille|feuille d’érable|feuille morte|tomber
🍂	feuille morte	automne|feuille|feuille morte|feuilles mortes|tomber
🍃	feuille virevoltante	bourrasque|feuille|feuille virevoltante|souffle|tourbillon de feuilles|vent|virevolter
🍄	champignon	champignon|champignon vénéneux|Mario|plante
🍄‍🟫	champignon marron	automne|brun|cèpe|champignon|fongus|marron|nature|nourriture
🍅	tomate	fruit|légume|nourriture|plante|tomate
🍆	aubergine	aubergine|légume|nourriture
🍇	raisin	fruit|nourriture|raisin
🍈	melon	fruit|melon
🍉	pastèque	fruit|pastèque
🍊	mandarine	agrume|clémentine|fruit|mandarine|nourriture|orange|vitamine C
🍋	citron	acide|agrume|citron|fruit|nourriture|zeste
🍋‍🟩	citron vert	acide|agrume|citron|fruit|lime|mojito|tropical|vert|zeste
🍌	banane	banane|fruit|nourriture|potassium
🍍	ananas	ananas|fruit|nourriture|tropical
🍎	pomme rouge	fruit|nourriture|pomme|pomme rouge
🍏	pomme verte	fruit|nourriture|pomme|pomme verte
🍐	poire	fruit|nourriture|poire
🍑	pêche	fruit|nourriture|pêche
🍒	cerises	cerise|cerises|fruit|nourriture
🍓	fraise	fraise|fruit|nourriture
🍔	hamburger	burger|cheeseburger|fast food|hamburger|nourriture
🍕	pizza	fromage|nourriture|part|pepperoni|pizza|tranche
🍖	viande sur un os	nourriture|os|viande|viande sur un os
🍗	cuisse de poulet	cuisse|cuisse de poulet|dinde|nourriture|os|poulet|volaille
🍘	galette de riz	cracker|galette de riz|nourriture|riz
🍙	boulette de riz	boulette de riz|japonais|nourriture|onigiri|plat|riz
🍚	bol de riz	bol de riz|nourriture|riz
🍛	riz au curry	curry|nourriture|riz|riz au curry
🍜	bol fumant	bol|bol fumant|nouilles|nourriture|ramen|vapeur
🍝	spaghetti	italien|nourriture|pâtes|restaurant|sauce bolognaise|spaghetti
🍞	pain	miche|nourriture|pain|pain de mie
🍟	frites	fast food|frites|potatoes|potatœs
🍠	patate douce	nourriture|patate|patate douce|patate douce au four
🍡	brochette de bonbons	bonbons|brochette de bonbons|dango|dessert|japonais|nourriture
🍢	brochette de poisson	brochette|brochette de poisson|fruits de mer|nourriture|restaurant
🍣	sushi	japonais|nourriture|poisson|riz|sushi
🍤	beignet de crevette	beignet de crevette|crevette
🍥	croquette de poisson	croquette de poisson|gâteau|narutomaki|nourriture|poisson|restaurant|surimi
🍦	glace italienne	cornet de glace|dessert|glace|glace italienne|nourriture|sucré
🍧	granité	coupe de glace|crème glacée|dessert|glace|granité|nourriture|restaurant|sucré
🍨	glace	coupe de glace|crème|crème glacée|dessert|glace|nourriture|restaurant|sucré
🍩	doughnut	dessert|donut|doughnut|goûter|nourriture|sucré|sucrerie
🍪	cookie	biscuit|cookie|dessert|gâteau|goûter|nourriture|pépites de chocolat|sucré
🍫	barre chocolatée	barre|barre chocolatée|chocolat|dessert|goûter|nourriture|sucré
🍬	bonbon	bonbon|dessert|goûter|nourriture|sucré|sucrerie
🍭	sucette	dessert|goûter|nourriture|sucette|sucré|sucrerie
🍮	crème renversée	crème renversée|dessert|flan|nourriture|pudding|sucré
🍯	pot de miel	miel|nourriture|ours|pot|pot de miel|sucré
🍰	gâteau sablé	dessert|gâteau|gâteau sablé|goûter|nourriture|pâtisserie|sucré
🍱	boîte déjeuner	bento|boîte|déjeuner|nourriture
🍲	marmite	marmite|nourriture|ragoût
🍳	œuf au plat	cuisine|friture|nourriture|œuf|œuf au plat|petit-déjeuner|poêle|poêle à frire|se faire cuire un œuf
🍴	fourchette et couteau	couteau et fourchette|couverts|faim|fourchette et couteau|manger|nourriture|repas|restaurant
🍵	tasse	boisson|tasse|tasse de thé sans anse|thé
🍶	saké	boisson|bouteille|bouteille et verre|restaurant|saké|verre
🍷	verre de vin	alcool|bar|boisson|club|restaurant|verre|verre à vin|verre de vin|vin
🍸	cocktail	alcool|bar|boisson|club|cocktail|martini|verre|verre à cocktail|verre à pied
🍹	cocktail tropical	alcool|bar|boîte|cocktail|cocktail tropical|fête|tequila sunrise|verre
🍺	chope	alcool|bar|bière|boisson|chope|chope de bière|oktoberfest|picoler|pinte|santé
🍻	chopes de bière	alcool|bière|boisson|chopes de bière|santé|tchin|trinquer
🍼	biberon	bébé|biberon|boisson|lait|naissance|nouveau-né|tétine
🍾	bouteille de champagne	alcool|boisson|bouchon|bouteille|bouteille de champagne|champagne|félicitations|fête|pop
🍿	pop-corn	cinéma|nourriture|pop-corn
🎀	ruban	fête|nœud|ruban|ruban rose
🎁	cadeau	anniversaire|cadeau|cadeau emballé|fête|Noël|nœud|surprise
🎂	gâteau d’anniversaire	anniversaire|bougies|dessert|fête|gâteau|gâteau d’anniversaire|goûter|joyeux anniversaire|nourriture|pâtisserie
🎃	citrouille	citrouille|halloween|Halloween|lanterne
🎄	sapin de Noël	arbre|fête|fêtes|guirlandes|Noël|sapin de Noël|Sapin de Noël
🎅	père Noël	bonnet|fêtes|magie|noël|Noël|père|Santa Claus|tradition
🎆	feu d’artifice	14 juillet|artifice|fête|feu d’artifice
🎇	cierge magique	14 juillet|artifice|cierge magique|étincelle|étincelles|fête|feu d’artifice
🎈	ballon gonflable	anniversaire|ballon|ballon de baudruche|ballon gonflable|fête
🎉	cotillons	anniversaire|cotillons|fête|super
🎊	confettis	anniversaire|confettis|fête
🎋	arbre à vœux	arbre|arbre à vœux|fête|Japon|prières|Tanabata|vœux
🎌	drapeaux croisés	drapeaux|drapeaux croisés|japonais
🎍	bambou décoratif	bambou|bambou décoratif|fête|japonais|plante
🎎	poupées japonaises	festival|Japon|poupées|poupées japonaises
🎏	koinobori	carpe|fête|koinobori
🎐	carillon éolien	carillon|carillon éolien|clochette|fête|vent
🎑	cérémonie de la lune	cérémonie|cérémonie de la lune|lune
🎒	cartable	cartable|école|sac|sac à dos
🎓	toque universitaire	accessoire|chapeau|diplôme|étudiant|toque universitaire|université|vêtements
🎠	cheval de manège	cheval|cheval de manège|manège
🎡	grande roue	attractions|grande roue|parc d’attractions|roue
🎢	montagnes russes	attractions|montagnes|parc d’attractions|russes
🎣	pêche à la ligne	canne à pêche|pêche|pêche à la ligne|sport
🎤	micro	chanter|karaoke|karaoké|micro|microphone|musique
🎥	caméra	caméra|cinéma|film|filmer|réalisateur|réalisatrice|vidéo
🎦	cinéma	caméra|cinéma|film
🎧	casque	casque|écouteur|écouteurs|musique|son
🎨	palette de peinture	art|artiste|couleurs|musée de peinture|palette de peinture|peindre|peintre|peinture
🎩	haut de forme	accessoire|chapeau|élégant|haut de forme|haut-de-forme|magie|vêtements
🎪	chapiteau	chapiteau|cirque
🎫	billet	billet|place|spectacle
🎬	clap	action|ça tourne|clap|film
🎭	spectacle vivant	acteur|actrice|art|masque|spectacle|spectacle vivant|théâtre
🎮	jeu vidéo	jeu vidéo|joystick|manette|playstation|xbox
🎯	dans le mille	cible|dans le mille|fléchettes|jeu
🎰	machine à sous	casino|jeu|machine à sous
🎱	boule de billard	8|billard|boule de billard|boule magique|huit|jeu|pool
🎲	dés	dé|dés|hasard|jeu
🎳	bowling	boule|bowling|jeu|partie|quilles|sport|strike
🎴	jeu des fleurs	carte|carte à jouer|fleur|fleurs|japonais|jeu|jeu des fleurs
🎵	note de musique	musique|note|note de musique
🎶	notes de musique	musique|note|notes|notes de musique|partition
🎷	saxophone	instrument|musique|saxophone
🎸	guitare	guitare|guitare électrique|instrument|musique
🎹	piano	clavier|instrument|musique|piano|touches
🎺	trompette	instrument|musique|trompette
🎻	violon	instrument|musique|violon
🎼	partition	musique|note|partition
🎽	maillot de course	athlétisme|course à pied|jogging|maillot de course|running|sport|tee-shirt de course
🎾	tennis	balle|balle de tennis|sport|tennis
🎿	ski	neige|ski|sport
🏀	basket	ballon|basket|basket-ball|panier|sport
🏁	drapeau à damier	course automobile|damier|drapeau|drapeau à damier|formule 1|ligne d’arrivée|sport automobile|vainqueur
🏂	snowboardeur	homme|neige|ski|snowboard|snowboardeur|sport
🏃	personne qui court	arriver|coureur|courir|course à pied|homme qui court|jogging|marathon|marathonien|personne qui court|pressé|rapide|sportif|vite
🏄	personne faisant du surf	glisse|homme|mer|océan|personne|personne faisant du surf|plage|planche|sport|surf|vagues
🏅	médaille sportive	champion|championne|médaille|médaille d’or|médaille sportive|sport|vainqueur|victoire
🏆	trophée	champion|championne|coupe|gagner|prix|trophée|victoire
🏇	course hippique	cheval|course de chevaux|course hippique|jockey|sport
🏈	football américain	ballon|football américain|sport|Super Bowl
🏉	rugby	ballon|rugby|sport
🏊	personne nageant	crawl|eau|exercice|homme|nage|nageur|natation|personne|personne nageant|piscine|sport
🏏	cricket	balle|balle de cricket|batte|cricket|jeu|match|sport
🏐	volley-ball	ballon|jeu|match|sport|volley|volley-ball
🏑	hockey sur gazon	balle|crosse|hockey|hockey sur gazon|sport
🏒	hockey sur glace	crosse|hockey|hockey sur glace|palet|sport
🏓	ping-pong	balle|jeu|partie|ping-pong|raquette|sport|tennis de table
🏠	maison	bâtiment|foyer|maison|maison simple|pavillon|résidentiel
🏡	maison avec jardin	foyer|jardin|maison|maison avec jardin|pavillon|résidentiel
🏢	immeuble de bureaux	bureaux|immeuble|immeuble de bureaux|ville
🏣	bureau de poste japonais	bâtiment|bureau de poste japonais|Japon|poste|poste japonaise|voyage
🏤	bureau de poste	bâtiment|bureau de poste|européen|poste
🏥	hôpital	bâtiment|docteur|hôpital|médecin|urgences
🏦	banque	banque|bâtiment
🏧	distributeur de billets	argent|banque|dab|distributeur|distributeur automatiques de billets|distributeur de billets|guichet automatique|retrait
🏨	hôtel	bâtiment|hôtel|voyage
🏩	love hotel	amour|bâtiment|cœur|hôtel|love hotel|voyage
🏪	supérette	24h/24|bâtiment|épicerie|magasin|supérette|supermarché
🏫	école	bâtiment|école
🏬	grand magasin	bâtiment|centre commercial|grand magasin|magasin
🏭	usine	bâtiment|usine
🏮	lampion rouge	japonais|lampion rouge|lanterne|lumière|restaurant|rouge
🏯	château japonais	bâtiment|château|japonais|voyage
🏰	château	bâtiment|château|européen|voyage
🏴	drapeau noir	drapeau|drapeau noir|drapeau qui flotte au vent
🏸	badminton	badminton|jeu|match|raquette|sport|volant
🏹	arc et flèche	arc|arc et flèche|archer|astrologie|flèche|horoscope|Sagittaire|sport|tir à l’arc|zodiaque
🏺	amphore	amphore|astrologie|cuisine|grec|Grèce|horoscope|vase|Verseau|zodiaque
🐀	rat	animal|rat
🐁	souris	animal|souris
🐂	bœuf	animal|astrologie|bœuf|ferme|horoscope|taureau|zodiaque
🐃	buffle	animal|buffle|corne|zoo
🐄	vache	animal|ferme|lait|meuh|vache
🐅	tigre	animal|félin|prédateur|tigre|tigresse|zoo
🐆	léopard	animal|félin|léopard|prédateur|zoo
🐇	lapin	animal|animal domestique|lapin
🐈	chat	animal|animal domestique|chat|chaton|miaou|miauler
🐈‍⬛	chat noir	animal|chat|chaton|félin|halloween|malchanceux|matou|miaou|noir|superstition
🐉	dragon	animal|Chine|chinois|dragon|Game of Thrones|mythe|tradition
🐊	crocodile	alligator|animal|caïman|crocodile|reptile|zoo
🐋	baleine	animal|baleine|mer|océan|plage
🐌	escargot	animal|escargot|jardin|lentement|nature
🐍	serpent	animal|reptile|serpent|serpent à sonnette|venin
🐎	cheval	animal|cheval|course hippique|hippodrome|tiercé
🐏	bélier	animal|astrologie|bélier|corne|ferme|horoscope|mouton|zodiaque
🐐	chèvre	animal|astrologie|Capricorne|chèvre|ferme|fromage|horoscope|lait|zodiaque
🐑	mouton	animal|bêler|brebis|doux|ferme|laine|lait|mouton
🐒	singe	animal|primate|singe
🐓	coq	animal|coq|oiseau|volaille
🐔	poule	animal|coq|ferme|oiseau|poule|poulet|volaille
🐕	chien	aboyer|animal|animal domestique|chien
🐕‍🦺	chien d’assistance	accessibilité|aide|animal|assistance|chien d’assistance|chien-guide|handicap
🐖	cochon	animal|cochon|ferme|gros|jambon|porc|truie
🐗	sanglier	animal|Game of Thrones|sanglier
🐘	éléphant	animal|éléphant|pachyderme|trompe
🐙	pieuvre	animal|créature|mer|mollusque|océan|pieuvre|poulpe
🐚	coquille en spirale	animal|conque|coquillage|coquille|coquille en spirale|mer|plage|spirale
🐛	chenille	animal|chenille|insecte|jardin
🐜	fourmi	animal|fourmi|insecte|jardin
🐝	abeille	abeille|animal|bourdon|guêpe|insecte|miel|nature|printemps
🐞	coccinelle	animal|bête|coccinelle|insecte|jardin|nature
🐟	poisson	alimentation|animal|astrologie|horoscope|manger|nourriture|poisson|poissons|Poissons|repas|zodiaque
🐠	poisson tropical	animal|poisson|poisson tropical
🐡	poisson-lune	animal|poisson|poisson-lune
🐢	tortue	animal|carapace|lentement|reptile|tortue
🐣	poussin qui éclôt	animal|bébé|éclosion|naissance|naître|nouveau-né|œuf|oiseau|poussin|poussin qui éclôt
🐤	poussin	animal|oiseau|poussin|tête de poussin
🐥	poussin de face	animal|bébé|nouveau-né|oiseau|poussin|poussin de face
🐦	oiseau	animal|oiseau|ornithologie
🐦‍⬛	oiseau noir	animal|bec|corbeau|corneille|corvidé|croasser|merle|noir|oiseau
🐦‍🔥	phénix	ailes|cendres|feu|gloire|immortel|mythologie|oiseau|phénix|renaissance|renaître|revivre|transformation
🐧	pingouin	animal|Antarctique|banquise|manchot|oiseau|pingouin
🐨	koala	animal|Australie|koala
🐩	caniche	animal|caniche|chien
🐪	dromadaire	animal|bosse|désert|dromadaire|une bosse
🐫	chameau	animal|bosse|chameau|chameau à deux bosses|désert|deux bosses
🐬	dauphin	animal|dauphin|Flipper|mer|océan|plage
🐭	tête de souris	animal|souris|tête de souris|visage
🐮	tête de vache	animal|lait|meuh|tête de vache|vache|visage
🐯	tête de tigre	animal|félin|prédateur|tête de tigre|tigre|visage
🐰	tête de lapin	animal|animal domestique|dents|lapin|tête de lapin
🐱	tête de chat	animal|chat|chaton|miaou|minou|tête de chat
🐲	tête de dragon	animal|dragon|mythe|tête de dragon|tradition
🐳	baleine soufflant par son évent	animal|baleine|baleine avec évent|baleine soufflant par son évent|mer|océan|plage|souffle
🐴	tête de cheval	animal|cheval|dressage|équitation|ferme|jument|tête de cheval
🐵	tête de singe	animal|Georges le petit curieux|singe|sourire|tête de singe|visage
🐶	tête de chien	animal|animal domestique|chien|chiot|tête de chien|visage
🐷	tête de cochon	animal|cochon|ferme|porc|tête de cochon|visage
🐸	grenouille	animal|crapaud|grenouille|tête|tête de grenouille
🐹	hamster	animal|animal domestique|hamster|tête|tête de hamster|visage
🐺	loup	animal|loup|louve|tête|tête de loup
🐻	ours	animal|miel|nounours|ours|ours brun|teddy|tête|visage
🐼	panda	animal|panda|tête|tête de panda|visage
🐽	groin	animal|cochon|ferme|flair|groin|museau|porc|sentir|tête de cochon
🐾	empreintes d’animaux	empreintes|empreintes d’animaux|empreintes de pattes|pattes
👀	yeux	chercher|corps|coup d’œil|œil|regarder|visage|voir|yeux
👂	oreille	corps|écouter|entendre|oreille|ouïe|son
👃	nez	corps|narines|nez|odeur|sentir
👄	bouche	baiser|beauté|bise|bisou|bouche|corps|embrasser|lèvres|rouge à lèvres
👅	langue	corps|langue|lécher
👆	main avec index pointant vers le haut	doigt|haut|index|index vers le haut|main|main avec index pointant vers le haut|montrer
👇	main avec index pointant vers le bas	bas|doigt|index|index vers le bas|main|main avec index pointant vers le bas|montrer
👈	main avec index pointant à gauche	doigt|gauche|index|index pointé vers la gauche|main|main avec index pointant à gauche
👉	main avec index pointant à droite	doigt|droite|index|index pointé vers la droite|main|main avec index pointant à droite
👊	poing de face	absolument|battre|boum|correct|coup de poing|d’accord|main|mon pote|poing|poing de face|serrer
👋	signe de la main	à bientôt|à plus tard|au revoir|bonjour|bye|coucou|hello|il y a quelqu’un ?|main|main qui salue|salut|signe|signe de la main
👌	ok	compris|d’accord|geste|main|nickel|ok|OK|parfait|super|tout va bien
👍	pouce vers le haut	bien|compris|d’accord|génial|haut|main|moi aussi|OK|oui|pouce levé|pouce vers le haut|super|top
👎	pouce vers le bas	bas|main|mauvais|non|nul|pouce|pouce baissé|pouce vers le bas
👏	applaudissements	applaudissements|bien joué|bon travail|bravo|félicitations|formidable|geste|mains|mains qui applaudissent|super
👐	mains ouvertes	main|mains écartées|mains ouvertes|ouvert
👑	couronne	accessoire|couronne|famille royale|monarchie|monarque|reine|roi|royauté|succès|vêtements
👒	chapeau de femme	chapeau|chapeau de femme|femme|vêtements
👓	lunettes de vue	accessoire|lunettes|lunettes de vue|œil|vêtements|yeux
👔	cravate	chemise|cravate|travail|vêtements
👕	T-shirt	bleu|chemise|courses|décontracté|polo|shopping|T-shirt|tee-shirt|vêtements|week-end
👖	jean	bleu|courses|denim|jean|pantalon|shopping|vêtements|week-end
👗	robe	courses|élégante|jolie|robe|shopping|vêtements
👘	kimono	kimono|vêtements
👙	bikini	bikini|maillot de bain|nager|piscine|plage|vêtements
👚	vêtements de femme	chemise|chemisier|courses|femme|shopping|vêtements|vêtements de femme
👛	porte-monnaie	accessoire|courses|monnaie|porte-monnaie|sac à main|shopping|vêtements
👜	sac à main	accessoire|courses|sac|sac à main|shopping|vêtements
👝	pochette	accessoire|pochette|sac|sac à main|trousse|vêtements
👞	chaussure d’homme	accessoire|chaussure|chaussure d’homme|coup de pied|courses|homme|marron|pied|shopping|vêtements
👟	chaussure de sport	accessoire|athlétisme|basket|chaussure|chaussure de sport|coup de pied|courir|courses|shopping|tennis|vêtements|vite
👠	chaussure à talon haut	accessoire|chaussure|chaussure à talon|chaussure à talon haut|chaussure de femme|courses|mode|shopping|stilletto|talon aiguille|talon haut|vêtements
👡	sandale de femme	chaussure|chaussure à talon|chaussure de femme|femme|sandale|sandale de femme|talon haut|vêtements
👢	botte de femme	accessoire|botte|botte de femme|chaussure|courses|femme|shopping|vêtements
👣	traces de pas	empreintes|pied|pieds|pieds nus|traces de pas
👤	silhouette de buste	buste|mystère|ombre|silhouette de buste
👥	silhouettes de bustes	amis|bff|bustes|gens|meilleur ami|meilleure amie|meilleures amies|meilleurs amis|personnes|silhouettes|silhouettes de bustes|tout le monde
👦	garçon	émoticône|enfant|garçon|jeune|personne
👧	fille	couettes|émoticône|enfant|fille|grands yeux|jeune|nattes|personne|petite fille|tresses|vierge|visage|zodiaque
👨	homme	ami|garçon|homme|personne|petit ami|pote
👨‍🌾	fermier	agriculteur|fermier|homme|jardinier|métier
👨‍🍳	cuisinier	chef|cuisinier|homme|métier
👨‍🍼	homme allaitant un bébé	allaitement|bébé|biberon|homme|homme allaitant un bébé|nouveau-né|papa|père|personne
👨‍🎓	étudiant	diplômé|étudiant|homme
👨‍🎤	chanteur	acteur|artiste|chanteur|homme|métier|rock|rockeur|star
👨‍🎨	artiste homme	artiste|homme|métier|palette|peintre
👨‍🏫	enseignant	enseignant|homme|instituteur|instructeur|métier|professeur
👨‍🏭	ouvrier	assemblage|homme|industrie|métier|montage|ouvrier|usine
👨‍💻	informaticien	codeur|développeur|homme|informaticien|inventeur|logiciels|métier|technologie
👨‍💼	employé de bureau	affaires|architecte|bureau|cadre|directeur|employé de bureau|homme|métier
👨‍🔧	mécanicien	électricien|homme|mécanicien|mécanique|métier|ouvrier|plombier
👨‍🔬	scientifique homme	biologiste|chimiste|homme|ingénieur|mathématicien|métier|physicien|scientifique
👨‍🚀	astronaute homme	astronaute|casque|cosmonaute|espace|fusée|homme|métier|spationaute
👨‍🚒	pompier homme	camion de pompiers|casque|casque de pompier|homme|métier|pompier
👨‍🦯	homme avec canne blanche	accessibilité|aveugle|déficient visuel|handicap|handicap visuel|homme|homme avec canne blanche|malvoyant
👨‍🦼	homme en fauteuil motorisé	accessibilité|fauteuil roulant|handicap|homme|homme en fauteuil motorisé
👨‍🦽	homme en fauteuil roulant manuel	accessibilité|fauteuil roulant|handicap|homme|homme en fauteuil roulant manuel
👩	femme	blonde|coupe de cheveux|femme|personne
👩‍🌾	fermière	agricultrice|femme|fermière|jardinière|métier
👩‍🍳	cuisinière	chef|cuisinière|femme|métier
👩‍🍼	femme allaitant un bébé	allaitement|bébé|biberon|femme|femme allaitant un bébé|maman|mère|nounou|nouveau-né|personne
👩‍🎓	étudiante	diplômée|étudiante|femme
👩‍🎤	chanteuse	actrice|artiste|chanteuse|femme|métier|rock|rockeuse|star
👩‍🎨	artiste femme	artiste|femme|métier|palette|peintre
👩‍🏫	enseignante	enseignante|femme|institutrice|instructrice|professeure
👩‍🏭	ouvrière	assemblage|femme|industrie|métier|montage|ouvrière|usine
👩‍💻	informaticienne	codeuse|développeuse|femme|informaticienne|inventrice|logiciels|métier|technologie
👩‍💼	employée de bureau	affaires|architecte|bureau|cadre|directrice|employée de bureau|femme|métier
👩‍🔧	mécanicienne	électricienne|femme|mécanicienne|mécanique|métier|ouvrière|plombier
👩‍🔬	scientifique femme	biologiste|chimiste|femme|ingénieure|mathématicienne|métier|physicienne|scientifique
👩‍🚀	astronaute femme	astronaute|casque|cosmonaute|espace|femme|fusée|métier|spationaute
👩‍🚒	pompier femme	camion de pompiers|casque|femme|métier|pompier
👩‍🦯	femme avec canne blanche	accessibilité|aveugle|déficiente visuelle|femme|femme avec canne blanche|handicap|malvoyante
👩‍🦼	femme en fauteuil motorisé	accessibilité|fauteuil roulant|femme|femme en fauteuil motorisé|handicap
👩‍🦽	femme en fauteuil roulant manuel	accessibilité|fauteuil roulant|femme|femme en fauteuil roulant manuel|handicap
👪	famille	enfant|famille|famille avec un père, une mère et un fils|femme|fils|garçon|homme|mère|père
👫	femme et homme se tenant la main	amis|amoureux|couple|femme|femme et homme se tenant la main|homme|homme et femme se donnant la main|main dans la main|petit ami|petite amie|rendez-vous
👬	deux hommes se tenant la main	amis|amitié|amoureux|couple|deux hommes se donnant la main|deux hommes se tenant la main|fils|frères|gay|Gémeaux|hommes|homosexuels|jumeaux|LGBT|main dans la main|meilleurs amis|petit ami|rendez-vous|zodiaque
👭	deux femmes se tenant la main	amies|amitié|amoureuses|couple|deux femmes se donnant la main|deux femmes se tenant la main|femmes|filles|gay|homosexuelles|jumelles|lesbiennes|LGBT|LGBTQ|LGBTQIA|main dans la main|meilleures amies|petite amie|rendez-vous|sœurs
👮	officier de police	autorité|flic|homme|loi|métier|officier|officier de police|personne|police|policier|tenue|uniforme
👯	personnes avec des oreilles de lapin	amies|bunny|danseuse|déguisement|double|femme|femmes|fête|fille|filles|jumelles|oreilles de lapin|personnes avec des oreilles de lapin|synchro
👰	personne mariée avec voile	mariage|mariée|mariée avec voile|personne mariée avec voile|voile
👱	personne blonde	blond|cheveux|garçon|homme|humain|personne blonde|tête|visage
👲	homme avec casquette chinoise	casquette mao|chapeau|homme|homme avec casquette chinoise
👳	personne en turban	homme avec turban|oriental|personne avec turban|personne en turban|turban|visage
👴	homme âgé	âgé|chauve|émoticône|grand-père|homme|papi|personne|personne âgée|sage|vieux monsieur
👵	femme âgée	âgée|blonde|dame|émoticône|femme|grand-mère|mamie|personne|sage
👶	bébé	bébé|émoticône|enceinte|enfant|nouveau-né|petit
👷	personnel du bâtiment	bâtiment|BTP|casque|chantier|construction|homme|métier|ouvrier|personne|personnel du bâtiment|réparer
👸	princesse	conte de fées|couronne|fantastique|personne|princesse|reine
👹	ogre	créature|effrayant|fantastique|japonais|masque|monstre|ogre
👺	monstre japonais	colère|créature|fantastique|farfadet|japonais|masque|méchant|monstre
👻	fantôme	blague|bouh|créature|effrayant|fantastique|fantôme|Halloween|hanter|monstre|peur|visage|visage de fantôme
👼	bébé ange	ailes|ange|auréole|bébé|église|émoticône|fantastique|visage
👽	alien	alien|créature|émoticône|espace|extraterrestre|monstre|ovni|science-fiction|visage
👾	monstre de l’espace	alien|créature|envahisseur|espace|extraterrestre|fantastique|jeu vidéo|monstre|monstre de l’espace|ovni|pixels
👿	visage en colère avec des cornes	démon|diable|diablotin|émoticône|fantastique|malicieux|mauvais|visage|visage en colère avec des cornes
💀	crâne	corps|crâne|dead|fantastique|je suis mort|mort|squelette|tête de mort|visage|yolo
💁	personne paume vers le haut	aide|diva|femme|information|insouciante|main|personne|personne paume vers le haut|peu importe|potins|prétentieuse|sarcastique|sophistiqué
💂	garde	Buckingham Palace|casque|garde|garde homme|Londres
💃	danseuse	danse|danseuse|femme|femme qui danse|fête|flamenco|rythme|salsa|sortir danser|tango
💄	rouge à lèvres	cosmétiques|maquillage|rendez-vous|rouge à lèvres
💅	vernis à ongles	cosmétiques|manucure|maquillage|peu importe|s’ennuyer|vernis à ongles
💆	personne qui se fait masser	détente|femme qui se fait masser|fermer les yeux|massage|personne qui se fait masser|relaxation|repos|salon|tête|thérapie|visage|zen
💇	personne qui se fait couper les cheveux	barbier|beauté|cheveux|ciseaux|coiffure|coupe de cheveux|couper|femme qui se fait couper les cheveux|personne|personne qui se fait couper les cheveux|salon|style
💈	enseigne de barbier	barbier|coiffeur|coiffure|enseigne|enseigne de barbier|salon
💉	seringue	aiguille|docteur|malade|médecine|piqûre|seringue|vaccin|vaccination
💊	pilule	docteur|gélule|malade|médecine|médicament|pilule|vitamines
💋	trace de rouge à lèvres	baiser|bise|bisou|bouche|embrasser|lèvres|rendez-vous|rouge|sexy|trace de rouge à lèvres
💌	lettre d’amour	amour|cœur|lettre|lettre d’amour|Saint-Valentin
💍	bague	alliance|amour|bague|brillant|diamant|étincelant|fiançailles|mariage|solitaire
💎	pierre précieuse	argent|bijou|diamant|fiançailles|joyau|mariage|pierre précieuse|romantique
💏	bisou	amour|anniversaire|baiser|bisou|couple|femme|homme
💐	bouquet	amoureux|anniversaire|bouquet|fleur|fleurs|plante|rendez-vous|roses
💑	couple avec cœur	amour|anniversaire|cœur|couple|couple avec cœur|femme|homme|rendez-vous
💒	mariage	amour|chapelle|cœur|église|mariage
💓	cœur battant	amour|cardio|cœur|cœur battant|cœur qui bat|pulsations|sentiment
💔	cœur brisé	amour|cœur|cœur brisé|malheureux|sentiment|séparé|triste
💕	deux cœurs	amour|anniversaire|cœurs|deux cœurs|deux cœurs roses|petits cœurs|rendez-vous|sentiment
💖	cœur étincelant	amour|cœur|cœur étincelant|étincelles|sentiment
💗	cœur grandissant	amour|cœur|cœur battant|cœur grandissant|cœur qui bat|pulsations|sentiment
💘	cœur et flèche	amour|cœur|cœur et flèche|coeur transpercé|Cupidon|flèche|sentiment
💙	cœur bleu	amour|cœur|cœur bleu|sentiment
💚	cœur vert	amour|cœur|sentiment|vert
💛	cœur jaune	amour|cœur|cœur jaune|sentiment
💜	cœur violet	amour|cœur|sentiment|violet
💝	cœur avec ruban	amour|anniversaire|cœur|cœur avec ruban|ruban|Saint-Valentin|sentiment
💞	cœurs qui tournent	amour|anniversaire|cœurs|cœurs qui tournent|deux cœurs|sentiment|tourbillon
💟	décoration avec cœur	amour|cœur|cœur blanc|cœur décoré|cœur violet|décoration avec cœur|sentiment
💠	diamant avec un point	bande dessinée|BD|dessin|diamant|diamant avec un point|géométrie|géométrique|intérieur
💡	ampoule	allumer|ampoule|bande dessinée|BD|dessin|idée|lampe|lumière
💢	symbole de colère	bande dessinée|BD|colère|dessin|furieux|symbole de colère
💣	bombe	bande dessinée|BD|bombe|boum|danger|dessin|explosion
💤	endormi	bande dessinée|BD|bonne nuit|dormir|endormi|fatigué|ronfler|zzz
💥	explosion	bande dessinée|BD|bombe|boum|collision|détonation|étincelles|explosion
💦	gouttes de sueur	bande dessinée|BD|eau|éclabousser|éclaboussures|effort|entraînement|gouttes|gouttes de sueur|sueur
💧	goutte d’eau	BD|eau|froid|goutte|goutte d’eau|larme|météo|nature|pluie|sueurs froides|tristesse
💨	décamper	bande dessinée|BD|décamper|déguerpir|détaler|filer|fumée|nuage|partir en courant|pet|vent|vite
💩	tas de crotte	bande dessinée|BD|caca|crotte|dessin|excrément|odeur|popo|puer|sentir mauvais|tas de crotte|visage
💪	biceps contracté	bande dessinée|BD|biceps|bodybuilding|contracté|corps|culturisme|entraînement|exercice|force|haltérophilie|muscle|muscles|soulever
💫	étourdissement	bande dessinée|BD|étincelles|étoile|étoile filante|étourdissement|tournis|voir des étoiles
💬	bulle de parole	bande dessinée|BD|bulle|bulle de parole|dialogue|écrire|message|SMS
💭	bulle de pensée	bande dessinée|BD|bulle|bulle de pensée|idée|imaginer|inventer|invention|pensée|penser|rêve|rêver
💮	fleur blanche	fleur|fleur blanche
💯	cent points	100|cent|cent points|score
💰	sac plein d’argent	argent|avare|banque|dollar|parier|payer|sac|sac d’argent|sac plein d’argent
💱	conversion de devise	argent|banque|change|conversion|conversion de devise|devise
💲	symbole dollar	argent|devise|dollar|espèces|payer|symbole dollar
💳	carte bancaire	argent|bancaire|banque|carte|carte de crédit|payer
💴	billet en yens	argent|billet|billet de banque|billet en yens|payer|yens
💵	billet en dollars	argent|billet|billet de banque|billet en dollars|dollar|payer
💶	billet en euros	argent|billet|billet de banque|billet en euros|euros|payer
💷	billet en livres	argent|billet|billet de banque|billet en livres|livres|payer
💸	billet avec des ailes	ailes|argent|billet|billet avec des ailes|billet de banque|dollars|payer
💹	courbe avec yen en hausse	banque|courbe avec yen en hausse|croissance|devise|graphique|hausse|marché|monnaie|tendance|yen
💺	siège	chaise|fauteuil|place|siège
💻	ordinateur portable	bureau|ordinateur|ordinateur portable|travail
💼	porte-documents	accessoire|bureau|cartable|porte-documents
💽	disque d’ordinateur	disque|disque d’ordinateur|minidisc
💾	disquette	disque|disquette|informatique|ordinateur
💿	CD	blu-ray|CD|disque|DVD
📀	DVD	blu-ray|CD|disque|DVD
📁	dossier	dossier|fichier|répertoire
📂	dossier ouvert	dossier|dossier ouvert|ouvrir|ouvrir le dossier|répertoire
📃	page enroulée	document|page|page enroulée
📄	page	document|page
📅	calendrier	calendrier|date
📆	éphéméride	agenda|calendrier|date|éphéméride|planning
📇	carnet d’adresses	carnet d’adresses|carte|fiche|index|rolodex|vintage
📈	graphique en hausse	croissance|données|graphique|graphique en hausse|hausse|haut|tendance
📉	graphique en baisse	baisse|bas|chute|données|graphique|graphique en baisse|négatif|tendance
📊	graphiques à barres	données|graphique|graphiques à barres
📋	porte-bloc	fournitures|liste|porte-bloc|presse-papiers
📌	punaise	fournitures|punaise
📍	épingle	carte|emplacement|épingle|fournitures|punaise ronde
📎	trombone	fournitures|trombone
📏	règle	fournitures|mathématiques|règle|règle plate
📐	équerre	équerre|fournitures|mathématiques
📑	signets	marque|marqueur|onglets|signet|signets
📒	carnet de compte	cahier|carnet de compte|classeur|grand livre
📓	carnet	cahier|carnet|écrire
📔	carnet avec couverture	cahier|carnet|carnet avec couverture|école|écrire|livre
📕	livre fermé	apprendre|école|enseignement|lire|littérature|livre|livre fermé|livre rouge|manuel scolaire|savoir
📖	livre ouvert	apprendre|bibliothèque|école|enseignement|étudier|lecture|lire|littérature|livre ouvert|manuel scolaire|roman|savoir
📗	livre vert	apprendre|bibliothèque|école|enseignement|étudier|lecture|lire|littérature|livre|livre vert|manuel scolaire|savoir
📘	livre bleu	apprendre|école|éducation|lecture|lire|littérature|livre|livre bleu|manuel scolaire|roman
📙	livre orange	apprendre|école|éducation|lecture|lire|littérature|livre|livre orange|manuel scolaire|roman
📚	livres	apprendre|bibliothèque|école|enseignement|étudier|lecture|lire|littérature|livres|manuels scolaires|roman|savoir
📛	badge nominatif	badge|badge nominatif|nom
📜	parchemin	papier|parchemin
📝	mémo	bloc-notes|crayon|écrire|mémo
📞	combiné téléphonique	combiné téléphonique|communication|téléphone
📟	bipeur	bip|bipeur|communication|pager
📠	fax	communication|fax|télécopieur
📡	antenne satellite	antenne|antenne parabolique|parabole|satellite|science
📢	haut-parleur	communication|fort|haut-parleur|mégaphone|message|son
📣	porte-voix	encourager|hourra|manifestation|mégaphone|porte-voix
📤	boîte d’envoi	boîte d’envoi|courriel|courrier électronique|e-mail|envoyer|flèche|lettre|message|message électronique
📥	boîte de réception	boîte de réception|courriel|courrier électronique|e-mail|flèche|lettre|message|message électronique|recevoir
📦	colis	boîte|colis|livraison|paquet
📧	e-mail	courriel|courrier électronique|e-mail|lettre|message
📨	message reçu	courriel|courrier|courrier électronique|e-mail|enveloppe|envoyer|lettre|message|message électronique|message reçu|recevoir
📩	enveloppe avec flèche	communication|courriel|courrier électronique|e-mail|enveloppe|enveloppe avec flèche|envoi|envoyer|flèche|message|message électronique|message envoyé
📪	boîte aux lettres fermée drapeau baissé	boîte aux lettres|boîte aux lettres fermée drapeau baissé|courrier
📫	boîte aux lettres fermée drapeau levé	boîte aux lettres|boîte aux lettres fermée drapeau levé|courrier
📬	boîte aux lettres ouverte drapeau levé	boîte aux lettres|boîte aux lettres ouverte drapeau levé|courrier
📭	boîte aux lettres ouverte drapeau baissé	boîte aux lettres|boîte aux lettres ouverte drapeau baissé|courrier
📮	boîte aux lettres	boîte aux lettres|courrier|poste
📯	cor postal	cor de facteur|cor postal|facteur|poste
📰	journal	actualités|communication|gros titres|journal|presse|une
📱	téléphone portable	communication|smartphone|téléphone|téléphone portable
📲	appel entrant	appel|appel entrant|communication|recevoir un appel|smartphone|téléphone portable avec une flèche
📳	mode vibreur	communication|mode vibreur|portable|téléphone|vibreur
📴	téléphone éteint	éteindre|portable|téléphone|téléphone éteint
📵	téléphones portables interdits	interdiction|interdit|portable|téléphone|téléphones portables interdits
📶	barres de réseau	barres de réseau|communication|couverture|portable|réception|réseau|téléphone
📷	appareil photo	appareil photo|photo|selfie|vidéo
📸	appareil photo avec flash	appareil photo|appareil photo avec flash|flash
📹	caméscope	caméra|caméscope|filmer|vidéo
📺	téléviseur	petit écran|télé|téléviseur|télévision|TV
📻	radio	actualités|communication|loisirs|musique|radio|vidéo
📼	cassette vidéo	cassette vidéo|magnétoscope|vhs|vidéocassette|vintage
📿	chapelet	accessoire|chapelet|collier|perles|prière|religion|vêtements
🔀	bouton lecture aléatoire	bouton lecture aléatoire|flèche|flèches croisées|lecture aléatoire
🔁	bouton répétition	bouton répéter|bouton répétition|flèche|flèches en cercle|répéter|sens des aiguilles d’une montre|sens horaire
🔂	bouton répétition de la piste	bouton répétition de la piste|flèche|flèches en cercle avec n°1|répéter|répéter une fois|sens des aiguilles d’une montre|sens horaire
🔃	flèches dans le sens horaire	actualiser|flèche|flèches dans le sens horaire|sens des aiguilles d’une montre|sens horaire|symbole Recharger
🔄	flèches dans le sens antihoraire	actualiser|flèche|flèches|flèches dans le sens antihoraire|retour|sens antihoraire|sens contraire des aiguilles d’une montre|sens horaire inverse|sens inverse des aiguilles d’une montre
🔅	luminosité faible	brillance|lumière|luminosité|luminosité faible|soleil
🔆	luminosité élevée	brillance|lumière|luminosité|luminosité élevée|soleil
🔇	muet	chut|enceinte|haut-parleur barré|haut-parleur d’enceinte|muet|silence|son|sourdine
🔈	volume des enceintes faible	enceinte|haut-parleur|haut-parleur d’enceinte|son|volume bas|volume des enceintes faible
🔉	volume des enceintes moyen	enceinte|haut-parleur|haut-parleur d’enceinte|son|volume des enceintes moyen|volume moyen
🔊	volume des enceintes élevé	enceinte|fort|haut-parleur|haut-parleur d’enceinte|musique|son|volume des enceintes élevé|volume élevé
🔋	pile	pile
🔌	câble avec fiche électrique	branché|câble avec fiche électrique|électricité|prise|prise électrique
🔍	loupe orientée à gauche	agrandir|chercher|détective|loupe|loupe gauche|loupe orientée à gauche|recherche
🔎	loupe orientée à droite	agrandir|chercher|détective|loupe|loupe droite|loupe orientée à droite|recherche
🔏	cadenas fermé avec stylo	cadenas avec un stylo plume|cadenas fermé avec stylo|confidentiel|privé|stylo plume|verrouillé
🔐	cadenas fermé avec clé	cadenas|cadenas avec une clé|cadenas fermé avec clé|clé|fermé|privé|sécurisé|verrouillé
🔑	clé	clé|mot de passe|ouvrir|serrure
🔒	cadenas fermé	cadenas|cadenas fermé|privé|verrouillé|verrouiller
🔓	cadenas ouvert	cadenas|déverrouiller|ouvert|ouvrir
🔔	cloche	cloche|clochette|sonner
🔕	alarme désactivée	alarme désactivée|barrée|cloche|silence
🔖	marque-page	marque-page|marqueur|signet
🔗	chaînons	chaîne|chaînons|maillons|mousqueton
🔘	bouton radio	bouton|forme|géométrie|géométrique|radio|rond
🔙	flèche Retour	flèche|flèche vers la gauche|retour
🔚	flèche Fin	fin|flèche|flèche vers la gauche
🔛	flèche Activé	activé|droite et gauche|flèche|flèche dans les deux sens
🔜	flèche Bientôt	bientôt|flèche
🔝	flèche En haut	flèche|flèche En haut|flèche vers le haut|haut
🔞	18 ans et plus	18 ans et plus|dix-huit|interdiction|interdit|interdit aux mineurs|interdit aux moins de dix-huit ans|limite d’âge|majorité|mineur
🔠	majuscules	ABCD|alphabet latin|lettres|lettres latines|majuscules|saisie|saisie en lettres majuscules
🔡	minuscules	abcd|alphabet latin|lettre|lettres|lettres latines|minuscules|saisie|saisie de lettres minuscules
🔢	saisie de chiffres	1234|chiffres|saisie|saisie de chiffres
🔣	saisie de symboles	saisie|saisie de symboles|symboles
🔤	alphabet latin	abc|alphabet|alphabet latin|lettres|saisie|saisie de lettres
🔥	feu	allumer|brûler|chaud|feu|flamme|fournaise|incendie
🔦	torche	lampe électrique|lampe torche|lumière|outil|torche
🔧	clé à molette	clé|clé à molette|outil|travaux
🔨	marteau	marteau|outil|réparer|travaux
🔩	vis et écrou	boulon|écrou|outil|travaux|vis|vis et écrou
🔪	couteau de cuisine	arme|chef|couteau|couteau de cuisine|cuisine|outil
🔫	pistolet à eau	arme|arme à feu|flingue|pistolet|pistolet à eau|revolver
🔬	microscope	expérience|laboratoire|microscope|outil|science
🔭	télescope	astronomie|espace|outil|planètes|science|télescope
🔮	boule de cristal	avenir|boule de cristal|cristal|magie|voyant|voyante
🔯	étoile à 6 branches	chance|étoile|étoile à 6 branches|judaïsme|juif|juive
🔰	symbole japonais de débutant	chevron|chevron jaune et vert|débutant|symbole japonais|symbole japonais de débutant
🔱	trident	ancre|bateau|fourche|mer|Poséidon|trident
🔲	carré noir	bouton|carré|carré noir|forme|géométrie
🔳	carré blanc	bouton|carré|carré blanc|forme|géométrie
🔴	disque rouge	cercle|disque rouge|forme géométrique|géométrie|rond|rouge
🔵	disque bleu	bleu|cercle|disque bleu|forme géométrique|géométrie|rond
🔶	grand losange orange	forme géométrique|géométrie|grand losange orange|losange
🔷	grand losange bleu	forme géométrique|géométrie|grand losange bleu|grand losange orange|losange
🔸	petit losange orange	forme géométrique|géométrie|losange|petit losange orange
🔹	petit losange bleu	forme géométrique|géométrie|losange|petit losange bleu
🔺	triangle rouge pointant vers le haut	flèche|forme géométrique|géométrie|rouge|triangle haut|triangle rouge pointant vers le haut|triangle rouge pointé vers le haut
🔻	triangle rouge pointant vers le bas	bas|flèche|forme|géométrie|rouge|triangle bas|triangle rouge pointant vers le bas|triangle rouge pointé vers le bas
🔼	petit triangle haut	bouton haut|flèche|haut|petit triangle haut
🔽	petit triangle bas	bas|bouton bas|flèche|petit triangle bas
🕋	kaaba	islam|kaaba|Kaaba|musulman|musulmane|religion|voyage
🕌	mosquée	islam|mosquée|musulman|musulmane|religion|voyage
🕍	synagogue	judaïsme|juif|juive|religion|synagogue|temple|voyage
🕎	chandelier à sept branches	candélabre|chandelier|chandelier à sept branches|Hanoucca|Hanoukka|judaïsme|juif|juive|menora|menorah|religion
🕐	une heure	1 h|13 h|heure|horloge|treize heures|une heure
🕑	deux heures	14 h|2 h|deux heures|heure|horloge|quatorze heures
🕒	trois heures	15 h|3 h|heure|horloge|quinze heures|trois heures
🕓	quatre heures	16 h|4 h|quatre heures|seize heures
🕔	cinq heures	17 h|5 h|cinq heures|dix-sept heures|heure|horloge
🕕	six heures	18 h|6 h|dix-huit heures|heure|horloge|six heures
🕖	sept heures	19 h|7 h|dix-neuf heures|heure|horloge|sept heures
🕗	huit heures	20 h|8 h|heure|horloge|huit heures|vingt heures
🕘	neuf heures	21 h|9 h|neuf heures
🕙	dix heures	10 h|22 h|dix heures|heure|horloge|vingt-deux heures
🕚	onze heures	11 h|23 h|heure|horloge|onze heures|vingt-trois heures
🕛	midi/minuit	0 h|12 h|heure|horloge|midi|midi pile|midi/minuit|minuit|minuit pile
🕜	une heure et demie	1 h 30|13 h 30|heure|horloge|treize heures trente|une heure et demie
🕝	deux heures et demie	14 h 30|2 h 30|deux heures et demie|heure|horloge|quatorze heures trente
🕞	trois heures et demie	15 h 30|3 h 30|heure|horloge|quinze heures trente|trois heures et demie
🕟	quatre heures et demie	16 h 30|4 h 30|heure|horloge|quatre heures et demie|seize heures trente
🕠	cinq heures et demie	17 h 30|5 h 30|cinq heures et demie|dix-sept heures trente|heure|horloge
🕡	six heures et demie	18 h 30|6 h 30|dix-huit heures trente|heure|horloge|six heures et demie
🕢	sept heures et demie	19 h 30|7 h 30|dix-neuf heures trente|heure|horloge|sept heures et demie
🕣	huit heures et demie	20 h 30|8 h 30|heure|horloge|huit heures et demie|vingt heures trente
🕤	neuf heures et demie	21 h 30|9 h 30|heure|horloge|neuf heures et demie|vingt et une heures trente
🕥	dix heures et demie	10 h 30|22 h 30|dix heures et demie|heure|horloge|vingt-deux heures trente
🕦	onze heures et demie	11 h 30|23 h 30|heure|horloge|onze heures et demie|vingt-trois heures trente
🕧	midi/minuit et demie	00 h 30|12 h 30|heure|horloge|midi et demi|midi/minuit et demie|minuit et demi
🕺	danseur	danse|danseur|femme|fête|flamenco|homme|homme qui danse|rythme|salsa
🖕	doigt d’honneur	doigt|doigt d’honneur|main|majeur
🖖	salut vulcain	doigts|main|salut vulcain|Spock|Star Trek|vulcain
🖤	cœur noir	cœur|noir
🗻	mont Fuji	mont Fuji|montagne|nature|sommet|voyage
🗼	tour de Tokyo	Japon|Tokyo|tour|tour de Tokyo|voyage
🗽	statue de la Liberté	liberté|New York|statue|statue de la liberté|statue de la Liberté|voyage
🗾	carte du Japon	carte|carte du Japon|japon|voyage
🗿	moai	île de Pâques|moai|moaï|monolithe|statue|voyage
😀	visage rieur	content|dents|émoticône|grand sourire|heureux|joyeux|rire|sourire|super|visage|visage rieur|visage très souriant
😁	visage souriant aux yeux rieurs	content|dents|émoticône|grand sourire|heureux|sourire|sourire de toutes ses dents|super|visage|visage souriant aux yeux rieurs|visage souriant avec yeux souriants|yeux souriants
😂	visage riant aux larmes	content|émoticône|heureux|joie|larmes|lol|mdr|pleurer de joie|pleurer de rire|rire aux larmes|sourire|visage riant aux larmes
😃	visage souriant avec de grands yeux	content|dents|émoticône|formidable|grand sourire|heureux|sourire|super|visage souriant avec de grands yeux|visage très souriant avec la bouche ouverte
😄	visage très souriant aux yeux rieurs	content|émoticône|grand sourire|heureux|joyeux|lol|mdr|rire|sourire|sourire mignon|visage avec la bouche ouverte et les yeux souriants|visage très souriant aux yeux rieurs
😅	visage souriant avec une goutte de sueur	émoticône|excité|froid|goutte|sourire|sourire nerveux|stressé|sueur|sueurs froides|visage souriant avec une goutte de sueur
😆	visage souriant avec yeux plissés	ahah|bouche|content|émoticône|lol|mdr|rire|sourire|visage|visage souriant avec bouche ouverte et yeux fermés|visage souriant avec yeux plissés
😇	visage souriant avec auréole	ange|angélique|auréole|béni|Bible|émoticône|heureux|innocent|paix|sourire|spirituel|visage souriant avec auréole
😈	visage souriant avec des cornes	cornes|émoticône|fâché|fantastique|sourire|visage|visage souriant avec des cornes
😉	visage faisant un clin d’œil	blague|clin d’œil|émoticône|flirter|plaisanter|sexy|visage|visage faisant un clin d’œil
😊	visage souriant avec yeux rieurs	content|émoticône|heureux|œil|rougir|satisfait|sourire|visage|visage qui rougit|visage souriant avec yeux rieurs|visage souriant avec yeux souriants|yeux
😋	miam	bon|content|délicieux|émoticône|faim|heureux|langue|manger|miam|savourer|sourire|visage souriant qui tire la langue
😌	visage soulagé	calme|émoticône|sérénité|soulagement|visage|visage soulagé|zen
😍	visage souriant avec yeux en forme de cœur	amour|amoureux|cœur|émoticône|œil|romantique|sourire|visage|visage souriant avec yeux en forme de cœur|yeux
😎	visage avec lunettes de soleil	cool|lunettes de soleil|posé|tranquille|visage avec lunettes de soleil
😏	visage avec un sourire malin	arrogant|charmeur|émoticône|malin|ricaner|rusé|séducteur|sourire|sourire suffisant|suspicieux|visage avec un sourire malin|visage avec un sourire suffisant
😐	visage neutre	émoticône|gêné|neutre|ni chaud ni froid|pas drôle|peu importe|rester de marbre|sans commentaires|sans rire|visage neutre|visage sans expression
😑	visage sans expression	émoticône|inexpressif|mécontent|neutre|peu importe|sans expression|visage|visage sans expression
😒	visage blasé	bizarre|blasé|émoticône|énervé|fâché|jaloux|pas content|peu importe|visage|visage qui s’ennuie
😓	visage démoralisé avec goutte de sueur	émoticône|froide|mal de tête|migraine|mince|ouf|peur|sueur|triste|visage|visage démoralisé avec goutte de sueur|visage et sueurs froides
😔	visage pensif	abattu|déçu|émoticône|horrible|mort|pensif|perdu|triste|visage
😕	visage confus	confus|désolé|émoticône|ennuyé|je ne sais pas|triste|visage
😖	visage déconcerté	confus|déconcerté|émoticône|fâché|frustré|irrité|triste|visage|yeux fermés
😗	visage faisant un bisou	amour|baiser|bise|bisou|embrasser|émoticône|je t’aime|petit bisou|visage faisant un bisou|visage qui fait une bise
😘	visage envoyant un bisou	amour|baiser|bise|bisou et cœur|bonjour|bonne nuit|cœur|embrasser|émoticône|je t’aime|visage envoyant un bisou|visage qui fait une bise avec un cœur
😙	visage aux yeux rieurs faisant un bisou	amour|baiser|bise|bisou|embrasser|émoticône|gros bisou|je t’aime|sourire|visage aux yeux rieurs faisant un bisou|visage aux yeux souriants qui fait une bise|yeux fermés
😚	visage faisant un bisou avec les yeux fermés	baiser|bise|bisou|bisou les yeux fermés|embrasser|émoticône|rougir|visage faisant un bisou avec les yeux fermés|visage qui fait une bise avec les yeux fermés|visage rougissant|yeux fermés
😛	visage qui tire la langue	cool|émoticône|génial|langue|super|visage|visage qui tire la langue
😜	visage qui tire la langue et fait un clin d’œil	amusant|blague|clin d’œil|émoticône|fou|langue|loufoque|marrant|œil|rigolo|visage|visage qui tire la langue et fait un clin d’œil
😝	visage qui tire la langue les yeux plissés	dégoûtant|émoticône|goût|horrible|langue|œil|omd|on ne vit qu’une fois|peu importe|visage qui tire la langue et ferme les yeux|visage qui tire la langue les yeux plissés|yeux fermés
😞	visage déçu	abattu|affreux|découragé|déçu|émoticône|malheureux|tort|triste|visage
😟	visage inquiet	anxieux|émoticône|inquiet|préoccupé|stressé|surpris|triste|visage
😠	visage en colère	colère|émoticône|exaspéré|fâché|frustré|mécontent|rageur|sourcils froncés|visage en colère
😡	visage boudeur	colère|émoticône|énervé|exaspéré|fâché|furieux|mécontent|rageur|rouge|rouge de colère|sourcils froncés|visage boudeur
😢	visage qui pleure	émoticône|horrible|larme|larmes|malheureux|pleurer|triste|visage qui pleure
😣	visage persévérant	concentré|émoticône|mal de tête|migraine|persévérant|visage
😤	visage avec fumée sortant des narines	colère|émoticône|énervé|fâché|mécontent|triomphe|victoire|visage|visage avec fumée sortant des narines
😥	visage triste mais soulagé	déçu|émoticône|ouf|pfiou|soulagé|sueur|triste|visage déçu mais soulagé|visage triste mais soulagé
😦	visage mécontent avec bouche ouverte	bouche|déçu|effrayé|émoticône|ouverte|peur|pris au dépourvu|surpris|visage|visage déçu avec bouche ouverte|visage mécontent avec bouche ouverte
😧	visage angoissé	angoisse|comment|émoticône|hein|mécontent|oubli|peur|quoi|stressé|surpris|terrifié|visage angoissé
😨	visage effrayé	anxieux|apeuré|blême|effrayé|émoticône|inquiet|peur|terrifié|visage
😩	visage épuisé	échec|émoticône|épuisé|faim|fatigué|mécontent|non|pleurer|sommeil|triste|visage|visage las
😪	visage endormi	émoticône|fatigué|larme|pleurer|sommeil|triste|visage|visage endormi
😫	visage fatigué	contrarié|émoticône|fatigue|mécontent|triste|visage|visage fatigué
😬	visage grimaçant	dents|émoticône|gêné|grimace|rien|sourire|visage|visage grimaçant
😭	visage qui pleure à chaudes larmes	émoticône|larme|larmes|malheureux|pleurer|pleurs|sangloter|triste|visage|visage qui pleure à chaudes larmes
😮	visage avec bouche ouverte	bouche bée|bouche ouverte|choqué|émoticône|épaté|incroyable|omd|oubli|surpris|visage avec bouche ouverte|visage avec la bouche ouverte|visage étonné
😮‍💨	visage expirant	chuchoter|découragé|déçu|expiration|exténué|fatigué|siffler|souffler|soulagement|soupir|sursaut|visage expirant
😯	visage ébahi	émoticône|incroyable|omd|sans voix|stupéfait|stupeur|surpris|visage|visage à la bouche ouverte|visage ébahi|visage sans voix
😰	visage anxieux avec goutte de sueur	aah|bleu|bouche bée|effrayé|émoticône|froid|mince|nerveux|peur bleue|sueurs froides|terrifié|visage anxieux avec goutte de sueur|visage en sueur bouche ouverte
😱	visage qui hurle de peur	choqué|cri|effrayé|Munch|omd|peur|surpris|terreur|visage|visage qui hurle de peur
😲	visage stupéfait	choc|choqué|émoticône|étonné|impossible|incroyable|omd|stupéfait|visage
😳	visage qui rougit	chaud|comment|ébahi|émoticône|étonné|gêné|impressionné|incrédule|incroyable|quoi|rouge|visage qui rougit
😴	visage somnolent	bonne nuit|coucher|dormir|émoticône|endormi|fatigué|sieste|sommeil|visage|visage somnolent|zzz
😵	visage étourdi	émoticône|fatigué|malade|mort|tournis|visage|visage avec le tournis|visage étourdi
😵‍💫	visage aux yeux en spirales	confusion|étourdi|hagard|malade|nausée|ouh la la|tête qui tourne|visage aux yeux en spirales
😶	visage sans bouche	émoticône|muet|ne rien dire|neutre|sans commentaires|sans expression|sans voix|se taire|secret|silence|sourdine|visage sans bouche
😷	visage avec masque	bactéries|dentiste|docteur|émoticône|germes|malade|masque|masque chirurgical|médecin|rhume|visage avec masque
😸	chat qui sourit avec des yeux rieurs	animal|chat|chat avec un grand sourire|chat qui sourit avec des yeux rieurs|sourire|visage|yeux rieurs|yeux souriants
😹	chat qui pleure de joie	animal|chat|chat qui rit aux larmes|joie|larmes|lol|mdr|pleurer de rire|rire|rire aux larmes
😺	chat qui sourit	animal|bouche ouverte|chat|chat qui sourit|sourire|visage
😻	chat souriant aux yeux en cœurs	amour|amoureux|chat|chat souriant aux yeux en cœurs|chat souriant avec des coeurs dans les yeux|cœur|coeurs|coeurs dans les yeux|sourire|yeux
😼	chat avec sourire en coin	animal|chat|chat avec sourire en coin|ironique|narquois|sourire en coin|sourire narquois|tête de chat|visage
😽	chat qui fait un bisou	animal|baiser|bise|bisou|chat|chat qui embrasse|chat qui fait un bisou|chat qui fait une bise avec les yeux fermés|embrasser|tête de chat
😾	chat qui boude	animal|bouder|chat|chat en colère|chat qui boude|colère|désaccord|ennui|tête de chat|visage
😿	chat qui pleure	animal|chat|chat qui pleure|larme|pleurer|tête de chat|triste|visage
🙀	chat fatigué	animal|chat|chat fatigué|fatigue|inquiet|oh|surpris|tête de chat avec la bouche ouverte|visage
🙁	visage légèrement mécontent	émoticône|mécontent|triste|visage|visage légèrement mécontent
🙂	visage avec un léger sourire	content|émoticône|heureux|léger sourire|sourire|visage avec un léger sourire|visage souriant
🙃	tête à l’envers	émoticône|incroyable|renversée|tête|tête à l’envers|visage
🙄	visage roulant des yeux	agacé|émoticône|excédé|incrédulité|roulement|visage qui lève les yeux au ciel|visage qui roule des yeux|visage roulant des yeux|yeux
🙅	personne faisant un geste d’interdiction	aucune chance|bloquer|femme|geste|impossible|interdit|main|niet|non|pas possible|personne faisant un geste d’interdiction|stop
🙆	personne faisant un geste d’acceptation	d’accord|danser|exercice|femme|geste|grandir|lever les bras|main|OK|personne|personne faisant un geste d’acceptation
🙇	personne qui s’incline	confus|désolé|excuses|geste|gronder|incliné|j’ai compris|OK|pardon|personne inclinée|personne qui s’incline
🙈	singe ne rien voir	animal|caché|effrayé|embarras|gêne|geste|interdit|ne pas voir|non|omd|oubli|peur|rien vu rien entendu|secret|singe|visage|voir|yeux
🙉	singe ne rien entendre	animal|écouter|geste|interdit|ne pas entendre|non|oreilles|rien vu rien entendu|secret|singe|singe ne rien entendre|sourd|visage
🙊	singe ne rien dire	animal|bouche cousue|chut|geste|interdit|motus|muet|non|parler|se taire|secret|silence|singe|singe ne rien dire|visage
🙋	personne qui lève la main	compte sur moi|content|femme qui lève la main|geste|ici|je sais|levée|main|moi|participer|personne qui lève la main|présente
🙌	mains levées	air|geste|hourra|mains|mains en l’air|mains levées|youpi
🙍	personne fronçant les sourcils	contrariée|déçue|embêtée|femme|froncer|gênée|geste|mécontente|pas contente|personne|personne fronçant les sourcils|sourcils|triste
🙎	personne qui boude	bouder|déçue|énervée|expression|fâchée|faire la tête|femme|froncer les sourcils|geste|inquiète|moue|personne|personne qui boude
🙏	mains en prière	demander|félicitations|mains|mains en prière|mains l’une contre l’autre|merci|prier|prière|s’il te plaît|s’il vous plaît|salut|se taper dans la main|tope là
🚀	fusée	décollage|espace|fusée|moyen de transport|voyage
🚁	hélicoptère	hélico|hélicoptère|moyen de transport|véhicule
🚂	locomotive	chemin de fer|locomotive|machine à vapeur|moyen de transport|rail|tchou tchou|train|vapeur|voyage
🚃	wagon	chemin de fer|moyen de transport|rail|train|tram|tramway|voiture|voyage|wagon
🚄	TGV	chemin de fer|moyen de transport|rail|rapide|TGV|train|train à grande vitesse|vitesse|voyage
🚅	train à grande vitesse	chemin de fer|moyen de transport|rail|rapide|TGV|train|train à grande vitesse|voyage
🚆	train	arrivée|chemin de fer|moyen de transport|rail|train|voyage
🚇	métro	métro|moyen de transport
🚈	métro léger	métro|métro léger|monorail|moyen de transport|rail|RER
🚉	gare	chemin de fer|gare|moyen de transport|rail|RER|train
🚊	tramway	moyen de transport|RER|tram|tramway|transport|trolley|trolleybus
🚋	wagon de tramway	moyen de transport|tram|trolleybus|voiture|voyage|wagon de tramway
🚌	bus	bus|école|moyen de transport|véhicule
🚍	bus de face	bus|bus de face|bus qui arrive|car|moyen de transport
🚎	trolleybus	bus|moyen de transport|tram|tramway|trolley|trolleybus
🚏	arrêt de bus	arrêt de bus|bus
🚐	minibus	bus|minibus|moyen de transport|navette|véhicule
🚑	ambulance	ambulance|urgences|véhicule
🚒	camion de pompier	camion de pompier|pin-pon|pompier
🚓	voiture de police	flic|patrouille|police|véhicule|voiture de police
🚔	voiture de police de face	police|véhicule|voiture de police de face|voiture de police qui arrive
🚕	taxi	moyen de transport|taxi|taxi jaune|uber|véhicule
🚖	taxi de face	joe le taxi|new york|taxi|taxi de face|taxi jaune|uber|voiture
🚗	voiture	automobile|conduire|moyen de transport|véhicule|voiture|voyage
🚘	voiture de face	automobile|conduire|moyen de transport|véhicule|voiture|voiture de face|voiture qui arrive|voyage
🚙	véhicule utilitaire sport	automobile|conduire|loisirs|moyen de transport|véhicule de loisirs|véhicule utilitaire sport|voiture|voyage
🚚	camion de livraison	camion|camion de livraison|camionnette|moyen de transport|véhicule
🚛	semi-remorque	camion|moyen de transport|poids lourd|semi|semi-remorque|véhicule
🚜	tracteur	moyen de transport|tracteur|véhicule
🚝	monorail	monorail|moyen de transport|véhicule
🚞	train de montagne	chemin de fer|moyen de transport|rail|train|train de montagne|voyage|wagon
🚟	train suspendu	moyen de transport|train|train suspendu|voyage
🚠	téléphérique	montagne|moyen de transport|ski|télécabine|téléphérique
🚡	tramway aérien	moyen de transport|télécabine|tramway|tramway aérien
🚢	navire	bateau|croisière|moyen de transport|navire|paquebot|Titanic|voyage
🚣	personne ramant dans une barque	barque|bateau|lac|naviguer|pêche|personne|personne ramant dans une barque|ramer|rameur|rivière|sport
🚤	hors-bord	bateau|été|hors-bord|luxe|moyen de transport|vedette|voyage
🚥	feu tricolore horizontal	carrefour|croisement|feu|feu de circulation|feu tricolore horizontal|tricolore
🚦	feu tricolore vertical	carrefour|croisement|feu|feu de circulation|feu tricolore vertical|tricolore
🚧	travaux	barrière|travaux
🚨	gyrophare	alarme|alerte|gyrophare|lumière|police|sirène|urgences|voiture
🚩	drapeau triangulaire	drapeau|drapeau rouge|drapeau triangulaire|fanion|golf
🚪	porte	placard|porte|porte d’entrée
🚫	symbole d’interdiction	entrée interdite|interdiction|interdit|symbole d’interdiction
🚬	cigarette	cigarette|cigarette allumée|fumer|fumeur|signe Fumeur
🚭	interdiction de fumer	cigarette barrée|fumer|interdiction|interdiction de fumer|interdit|interdit de fumer
🚮	icône Poubelle	corbeille|déchets|icône Poubelle|jeter|poubelle
🚯	dépôt d’ordures interdit	déchets|dépôt d’ordures interdit|interdiction|interdit|ne pas jeter
🚰	eau potable	eau|eau du robinet|eau potable|robinet
🚱	eau non potable	eau|eau non potable|imbuvable|interdiction|interdit|ne pas boire
🚲	vélo	bicyclette|cyclisme|moyen de transport|vélo|voyage
🚳	vélos interdits	bicyclette|interdiction|interdit|vélo|vélos interdits
🚴	cycliste	course|cycliste|guidon|homme|pédaler|personne|rouler|sport|tour de france|vélo
🚵	personne en VTT	coureur|cyclisme|grimper|homme en VTT|montagne|personne|personne en VTT|sport|tour de France|vélo|VTT
🚶	personne qui marche	balade|en route|flâner|homme|marche|marcher|nonchalant|personne|personne qui marche|piéton|promenade|se balader
🚷	interdit aux piétons	interdiction|interdit|interdit aux piétons
🚸	traversée d’enfants	circulation|école|enfants|piétons|traversée d’enfants
🚹	symbole Toilettes hommes	homme|symbole Homme|symbole Toilettes hommes|toilettes|WC
🚺	symbole Toilettes femmes	femme|symbole Femme|symbole Toilettes femmes|toilettes|WC
🚻	panneau Toilettes	panneau Toilettes|toilettes|WC
🚼	symbole Bébé	bébé|espace de change|symbole Bébé
🚽	toilettes	cabinets|toilettes|WC
🚾	WC	toilettes|WC
🚿	douche	douche|eau|pommeau de douche
🛀	personne prenant un bain	baignoire|bain|personne prenant un bain|personne qui prend un bain
🛁	baignoire	baignoire|bain|mousse
🛂	contrôle des passeports	contrôle|contrôle des passeports|passeport
🛃	douane	douane|douanes
🛄	retrait des bagages	aéroport|arrivée|avion|bagages|retrait des bagages|valise|voyage
🛅	consigne	bagages|casier|clé|consigne|valise
🛌	personne au lit	auberge|bonne nuit|coucher|dodo|dormir|fatigué|hôtel|lit|personne au lit|sieste
🛐	lieu de culte	culte|lieu de culte|prier|religion
🛑	stop	octogonal|panneau|signe|stop
🛒	chariot	caddie|chariot|courses|panier|shopping|supermarché
🛕	temple hindou	bouddhisme|hindou|pagode|religion|stupa|temple|temple bouddhiste
🛖	hutte	abri|case|hutte|maison|maisonnette|yourte
🛗	ascenseur	accessibilité|ascenseur|descente|monte-charge|monte-personnes|montée
🛘	éboulement	avalanche|catastrophe|coulée de boue|danger|glissement de terrain|montagne|rochers|tremblement de terre
🛜	sans fil	connexion|haut débit|hotspot|internet|ordinateur|réseau|routeur|sans fil|smartphone|Wi-Fi|wifi|wlan
🛝	toboggan	aire de jeu|glissade|jouer|toboggan
🛞	roue	cercle|pneu|roue|tourner|véhicule|voiture
🛟	bouée de sauvetage	bouée de sauvetage|flotter|sauver|sauveteur|secours|sécurité
🛫	avion au décollage	avion|avion au décollage|décollage|départ|moyen de transport|voyage
🛬	avion à l’atterrissage	arrivée|atterrissage|avion|avion à l’atterrissage|moyen de transport|voyage
🛴	trottinette	trottinette
🛵	scooter	scooter
🛶	canoë	bateau|canoë|rame|ramer
🛷	luge	glisser|luge|neige|traîneau
🛸	soucoupe volante	alien|extraterrestre|ovni|OVNI|soucoupe volante
🛹	planche à roulettes	glisse|longboard|planche à roulettes|roulettes|skate|skateboard
🛺	tuk tuk	rickshaw|taxi|thaï|tricycle|tuk tuk
🛻	pick-up	auto|camion benne|camionnette|pick-up|pickup|plateau|poids lourd|transports|véhicule
🛼	patin à roulettes	derby|patin à roulettes|roller|roulette|roulettes|sport
🟠	disque orange	cercle|disque orange|forme géométrique|géométrie|orange|rond
🟡	disque jaune	cercle|disque jaune|forme géométrique|géométrie|jaune|rond
🟢	disque vert	cercle|disque vert|forme géométrique|géométrie|rond|vert
🟣	disque violet	cercle|disque violet|forme géométrique|géométrie|rond|violet
🟤	disque marron	brun|cercle|disque brun|disque marron|forme géométrique|géométrie|marron|rond
🟥	carré rouge	carré|forme géométrique|géométrie|rouge
🟦	carré bleu	bleu|carré|forme géométrique|géométrie
🟧	carré orange	carré|forme géométrique|géométrie|orange
🟨	carré jaune	carré|forme géométrique|géométrie|jaune
🟩	carré vert	carré|forme géométrique|géométrie|vert
🟪	carré violet	carré|forme géométrique|géométrie|violet
🟫	carré marron	carré|carré brun|forme géométrique|géométrie|marron
🟰	signe égal gras	égal|égalité|mathématiques|réponse|signe égal gras
🤌	bout des doigts joints	agacement|argumentation|bout des doigts joints|doigts|geste|interrogation|main|parler avec les mains|patience|silence !
🤍	cœur blanc	blanc|cœur
🤎	cœur marron	brun|cœur|marron
🤏	pouce et index rapprochés	à deux doigts|petit|petite|petite quantité|petite somme|peu|pouce et index rapprochés|un peu
🤐	visage avec bouche fermeture éclair	bouche|bouche cousue|émoticône|fermeture éclair|motus|se taire|secret|visage|visage avec bouche cousue|visage avec bouche fermeture éclair
🤑	argent dans les yeux et la bouche	argent|argent dans les yeux et la bouche|bouche|dollars|émoticône|yeux
🤒	visage avec thermomètre	indisposé|malade|thermomètre|visage|visage avec thermomètre
🤓	visage de geek	doué|futé|geek|idiot|intelligent|lunettes|personne|premier de la classe|ringard|surdoué|tronche|visage de geek
🤔	visage en pleine réflexion	émoticône|hum|méditer|penser|réfléchir|réflexion|visage|visage en pleine réflexion
🤕	visage avec bandage autour de la tête	aïe|bandage|blessure|bobo|émoticône|pansement|tête|tête avec un bandage|visage|visage avec bandage autour de la tête
🤖	robot	androïde|automate|machine|monstre|robot|visage|visage de robot
🤗	visage qui fait un câlin	câlin|émoticône|gentil|mains|visage|visage qui fait un câlin
🤘	cornes avec les doigts	cornes|cornes avec les doigts|cornes du diable|doigts|main|rock|rock’n roll|yeah
🤙	signe appel téléphonique avec les doigts	appel|main|signe|signe appel téléphonique avec les doigts|téléphone
🤚	dos de main levée	dos de main levée|levée|main
🤛	poing à gauche	fistbump|gauche|main|poing|poing à gauche
🤜	poing à droite	droite|main|poing|poing à droite
🤝	poignée de main	d’accord|main|mains|marché conclu|poignée|poignée de main|présentation|rencontre|serrer la main
🤞	doigts croisés	bonne chance|chance|croisés|doigts|main
🤟	signe je t’aime	amour|geste pour je t’aime|ILY|je t’aime|main|signe je t’aime|trois doigts
🤠	visage avec chapeau de cowboy	chapeau|cowboy|visage|visage avec chapeau de cowboy
🤡	visage de clown	clown|émoticône|maquillage|visage|visage de clown
🤢	visage nauséeux	dégoûtant|écœuré|émoticône|malade|nausée|visage|visage nauséeux|visage vert qui a la nausée|vomir
🤣	se rouler par terre de rire	content|drôle|émoticône|hilare|joyeux|larmes|lol|mdr|pleurer de rire|rire|rire aux larmes|se rouler par terre|se rouler par terre de rire|se tordre de rire|visage|visage qui rit aux larmes
🤤	visage qui bave	baver|délicieux|émoticône|mmh|visage|visage qui bave
🤥	visage de menteur	émoticône|mensonge|menteur|pinocchio|visage|visage de menteur|visage dont le nez s’allonge
🤦	personne avec la paume sur le visage	drame|exaspération|femme avec paume sur visage|geste|incrédulité|incroyable|j’en peux plus|main|pas possible|paume de main|personne|personne avec la paume sur le visage|visage
🤧	visage qui éternue	à tes souhaits|atchoum|émoticône|éternuement|éternuer|fièvre|grippe|malade|mouchoir|rhume|se moucher|visage qui éternue
🤨	visage avec les sourcils relevés	euh|hein|incrédule|méfiant|pas vrai|quoi|sceptique|surprise|tête avec sourcil levé|visage avec les sourcils relevés
🤩	visage avec des étoiles à la place des yeux	étoile|étoiles dans les yeux|grand sourire|heureux|pressé|surexcité|tête avec étoiles|visage|visage avec des étoiles à la place des yeux|wow|yeux
🤪	tête de fou	grand|large|oeil|œil|petit|tête de fou|tête folle|yeux|yeux fous
🤫	visage avec un doigt sur la bouche	chut|pas un bruit|silence|tête qui dit chut|visage avec un doigt sur la bouche
🤬	visage avec des symboles dans la bouche	censuré|colère|gros mots|insulter|insultes|jurer|juron|tête avec des symboles sur la bouche|visage avec des symboles dans la bouche
🤭	visage avec une main sur la bouche	malin|oops|oups|rigole|secret|surprise|visage avec main devant la bouche|visage avec une main sur la bouche
🤮	visage qui vomit	gerbe|gerber|malade|tête qui vomit|visage qui vomit|vomi|vomissure
🤯	tête qui explose	choc|choqué|surpris|surprise|tête choquée|tête qui explose
🤰	femme enceinte	enceinte|femme
🤱	allaitement	allaitement|bébé|maman|nourrice|nourrir le bébé|sein|soins
🤲	paume contre paume doigts vers le haut	espérer|mains|paume contre paume doigts vers le haut|paumes des mains ensemble|prier|prière
🤳	selfie	appareil photo|photo|selfie|téléphone
🤴	prince	couronne|prince|royal|royauté
🤵	personne en smoking	élégant|homme|marié|personne en smoking|personne mariée|smoking
🤶	mère Noël	bonnet|fêtes|mère|Noël|Santa
🤷	personne qui hausse les épaules	aucune idée|c’est comme ça|doute|femme qui hausse les épaules|haussement d’épaules|ignorance|indifférence|je ne sais pas|personne|personne qui hausse les épaules|peut-être|que faire|qui sait
🤸	personne faisant la roue	agilité|athlète|faire la roue|femme faisant la roue|gymnaste|gymnastique|personne|personne faisant la roue|roue|sport
🤹	personne qui jongle	artiste|cirque|gérer|jongler|jongleur|multitâche|personne qui jongle
🤺	escrimeur	épée|escrime|escrimeur|escrimeuse|personne|sport
🤼	personnes faisant de la lutte	bataille|lutte|lutteur|lutteurs|personnes|personnes faisant de la lutte|sport
🤽	personne jouant au water-polo	ballon|homme qui joue au water-polo|personne|personne jouant au water-polo|piscine|sport|water-polo
🤾	personne jouant au handball	athlète|ballon|handball|handballeur|lancer|personne|personne jouant au handball|sport
🤿	masque de plongée	apnée|masque|masque de plongée|masque et tuba|plongée|plonger|snorkeling|tuba
🥀	fleur fanée	fanée|fleur|mort|rose
🥁	batterie	baguette|baguettes|batterie|musique|tambour
🥂	trinquer	alcool|célébrer|champagne|fêter|santé|tchin|trinquer|verre|verres
🥃	verre tumbler	alcool|liqueur|tumbler|verre|whisky
🥄	cuillère	couvert|cuillère|manger
🥅	cage	but|cage|filet|sport
🥇	médaille d’or	1er|médaille|médaille d’or|or|premier
🥈	médaille d’argent	2e|argent|deuxième|médaille|médaille d’argent
🥉	médaille de bronze	3e|bronze|médaille|médaille de bronze|troisième
🥊	gant de boxe	boxe|gant|gant de boxe|sport
🥋	tenue d’arts martiaux	arts martiaux|judo|karaté|kimono|sport|taekwondo|tenue|tenue d’arts martiaux
🥌	pierre de curling	curling|granit|jeu|match|partie|pierre|pierre de curling|sport
🥍	crosse	balle|but|crosse|lacrosse|raquette|sport
🥎	softball	balle|gant|softball|sports
🥏	disque volant	discoplane|disque|disque volant|disque-volant|frisbee|sport|ultimate|ultime-passe
🥐	croissant	croissant|nourriture|pain|petit-déjeuner|viennoiserie
🥑	avocat	avocat|fruit|nourriture
🥒	concombre	concombre|cornichon|légume|nourriture
🥓	lard	bacon|lard|nourriture|porc|viande
🥔	pomme de terre	légume|nourriture|patate|pomme de terre|purée
🥕	carotte	carotte|légume|nourriture
🥖	baguette	baguette|nourriture|pain
🥗	salade verte	nourriture|salade|verte
🥘	plat mitonné	casserole|Espagne|paella|plat|plat mitonné|poêle|riz
🥙	kebab	falafel|kebab|nourriture|pain pita
🥚	œuf	nourriture|œuf
🥛	verre de lait	boisson|lait|verre|verre de lait
🥜	cacahuètes	arachide|cacahuète|cacahuètes|noisette|nourriture
🥝	kiwi	fruit|kiwi|nourriture
🥞	pancakes	crêpe|goûter|nourriture|pancake|pancakes|petit-déjeuner
🥟	boulette de pâte	boulette de pâte|dumpling|empanada|gyoza|jiaozi|pierogi|potsticker|ravioli
🥠	biscuit chinois	biscuit chinois|nourriture|prophétie
🥡	boîte à emporter	baguettes|boîte à emporter|carton|chinois|nourriture à emporter
🥢	baguettes	baguettes|hashi
🥣	bol avec cuillère	bol avec cuillère|bol avec une cuillère|céréales|congee|déjeuner|petit déjeuner|soupe
🥤	gobelet avec paille	boisson|eau|gobelet avec paille|jus de fruit|jus de fruits|soda|verre avec une paille
🥥	noix de coco	coco|fruit|noix de coco|nourriture|palmier|piña colada
🥦	brocoli	broccoli|brocoli|chou|chou sauvage|légume
🥧	tarte	décoration|garniture|gâteau|nourriture|pâte à tarte|pâtisserie|tarte|tarte aux fruits|tourte
🥨	bretzel	bretzel|nourriture|torsade
🥩	morceau de viande	côtelette|côtelette d’agneau|côtelette de porc|morceau de viande|nourriture|steak|viande|viande rouge
🥪	sandwich	nourriture|pain|pain de mie|pique-nique|sandwich
🥫	aliments en conserve	aliments en conserve|boîte de conserve|conserve|nourriture
🥬	légume à feuilles vertes	bok choy|chou|chou chinois|chou frisé|chou pommé|kale|laitue|légume à feuilles vertes|salade
🥭	mangue	fruit|mangue|nourriture|tropical|tropique
🥮	gâteau de lune	automne|festival|gâteau de lune|moon cake|yuèbǐng
🥯	bagel	bagel|boulangerie|petit-déjeuner|sandwich|schmear
🥰	visage souriant avec cœurs	adorer|aimer|amour|béguin|coeur|cœurs|j’adore|Je t’aime|smiley avec 3 coeurs|sourire|visage souriant avec cœurs
🥱	visage bâillant	bâille|bâiller|dormir|émoticône|ennui|fatigant|fatigue|sieste|visage bâillant
🥲	visage souriant avec une larme	ému|fier|heureux|larme|reconnaissant|smiley|soulagé|souriant|touché|visage souriant avec une larme
🥳	visage festif	anniversaire|célébration|chapeau pointu|émoticône|fête|heureux|hourra|joyeux anniversaire|sifflet|visage de fête|visage festif|youpi
🥴	visage éméché	bouche ondulée|bourré|bourrée|dans les vapes|hébété|pas clair|pompette|rond|saoul|souler|tête qui tourne|visage éméché
🥵	visage rouge et chaud	chaleur|chaud|coup de chaleur|coup de chaud|fièvre|sue|suer|toute rouge|transpiration|trop chaud|visage rouge et chaud|visage tout rouge
🥶	visage bleu et froid	bleu|ça caille|froid|gel|gelé|gelure|glacé|glacial|glaçon|visage bleu|visage bleu et froid
🥷	ninja	assassin|combat|furtif|guerrier|masqué|ninja|personne|sabre|secret|soldat
🥸	visage déguisé	déguisement|espion|faux nez|grimer|incognito|lunettes|moustache|postiche|smiley|sourcils ébouriffés|visage déguisé
🥹	visage retenant ses larmes	admiration|ému|fierté|gratitude|larmes de joie|pleurs|retenir ses larmes|triste|visage retenant ses larmes
🥺	visage implorant	embarrassé|excuse|gros yeux|pardon|pitié|s’il te plaît|supplication|supplie|visage implorant|yeux de chiens battus
🥻	sari	inde|mode|robe|sari|traditionnel|vêtement
🥼	blouse blanche	blouse|blouse blanche|docteur|expérience|expérimentation|labo|laboratoire|manteau blanc|médecin|scientifique|vêtements
🥽	lunettes	lunettes|lunettes de chimiste|lunettes de labo|lunettes de piscine|lunettes de protection|lunettes de soudage|lunettes de soudure|masque|natation|protection des yeux|soudage
🥾	chaussure de randonnée	camping|chaussure de marche|chaussure de randonnée|chaussures de chantier|chaussures de montagne|chaussures de sécurité|chaussures marron|marche|rando|randonnée|timberland|vêtements
🥿	chaussure plate	ballerine|chaussure plate|chaussure sans lacets|chaussures plates|mule|vêtements
🦀	crabe	animal|astrologie|Cancer|crabe|horoscope|mer|pinces|plage|zodiaque
🦁	tête de lion	animal|astrologie|crinière|fort|horoscope|lion|roi|rugissement|safari|savane|tête de lion|visage|zodiaque
🦂	scorpion	animal|astrologie|désert|horoscope|scorpion|zodiaque
🦃	dindon	action de grâces|animal|dinde|dindon|oiseau|thanksgiving|volaille
🦄	licorne	animal|licorne|licrone|tête|tête de licorne
🦅	aigle	aigle|animal|oiseau|rapace
🦆	canard	animal|canard|coin-coin|oiseau
🦇	chauve-souris	animal|chauve-souris|vampire
🦈	requin	animal|Dents de la mer|poisson|requin
🦉	chouette	animal|chouette|hibou|oiseau|sage
🦊	renard	animal|nature|renard|tête|visage
🦋	papillon	animal|insecte|mignon|papillon|printemps
🦌	cerf	animal|bois|cerf
🦍	gorille	animal|gorille|primate
🦎	lézard	animal|lézard|reptile
🦏	rhinocéros	animal|corne|rhinocéros
🦐	crevette	aliment|crevette|crustacé|fruits de mer|nourriture
🦑	calamar	aliment|animal|calamar|encornet|mollusque|nourriture
🦒	girafe	animal|cou|girafe|taches
🦓	zèbre	animal|noir et blanc|rayure|rayures|zèbre|zébrure
🦔	hérisson	animal|épines|épineux|hérisson|piquant|porc-épic
🦕	sauropode	animal|brachiosaure|brontosaure|dinosaure|diplodocus|sauropode
🦖	T-Rex	animal|dinosaure|T-Rex|T. rex|tyrannosaure|Tyrannosaurus rex|Tyrannosaurus Rex
🦗	criquet	animal|criquet|insecte|sauterelle
🦘	kangourou	austalie|joey|kangoo|kangourou|marsupial|marsupiaux|saut
🦙	lama	alpaca|alpaga|animal|guanaco|laine|lama|llama|pérou|vicuña|vigogne
🦚	paon	animal|bel oiseau|coloré|fier|fière|oiseau|paon|paonne|prétentieux
🦛	hippopotame	animal|hippo|hippopotame
🦜	perroquet	animal|oiseau|parle|perroquet|pirate|répète
🦝	raton laveur	animal|curieux|raton laveur|sournois
🦞	homard	animal|bisque|fruit de mer|fruits de mer|homard|pinces
🦟	moustique	fièvre|infection|insecte|maladie|malaria|moustique|piqûre|virus
🦠	microbe	amibe|bactérie|biologie|microbe|microorganisme|phagocytose|pseudopode|science|virus
🦡	blaireau	animal|blaireau|ratel
🦢	cygne	animal|cygne|jeune cygne|oiseau|vilain petit canard
🦣	mammouth	animal|défenses|extinction|géant|grand|laineux|mammouth
🦤	dodo	animal|dodo|Dronte|espèce éteinte|extinction|grand|Maurice|oiseau
🦥	paresseux	aï|animal|endormi|lent|paresseux
🦦	loutre	animal|joueur|loutre|mignon|pêcheur
🦧	orang-outan	animal|orang-outan|primate|singe
🦨	mouffette	animal|mouffette|odeur|puer|putois
🦩	flamant	animal|flamant|oiseau|rose|tropical
🦪	huître	coquillage|coquille|huître|mollusque|perle
🦫	castor	animal|barrage|castor|dents|rongeur
🦬	bison	animal|bison|buffle|cornes|herbivore|nature|troupeau
🦭	phoque	animal|lion de mer|océan|otarie|phoque
🦮	chien guide	accessibilité|animal|aveugle|chien guide|guide|malvoyant|non-voyant
🦯	canne blanche	accessibilité|aveugle|canne blanche|déficient visuel|malvoyant
🦴	os	chien|halloween|os|squelette
🦵	jambe	coup de pied|cuisse|genou|genou fléchi|genoux|jambe|membre|pied
🦶	pied	cheville|coup de pied|pas lourd|pied
🦷	dent	carie|dent|dentiste|émail diamant
🦸	super-héros	bien|cape|force|heroïne|héroïne|héros|personnage|sauver le monde|super pouvoir|super-héros|super-pouvoir|superhéros|superman|vengeur|voler
🦹	super-vilain	cape|criminel|déguisement|diabolique|mal|mauvais|méchant|personnage|super pouvoir|super vilain|super-pouvoir|super-vilain
🦺	gilet de sécurité	chantier|fluo|gilet de sécurité|gilet jaune|gilet orange|sécurité|sûreté|visibilité
🦻	oreille appareillée	accessibilité|handicap|malentendant|oreille appareillée|prothèse auditive|sonotone|sourd|surdité
🦼	fauteuil motorisé	accessibilité|fauteuil motorisé|fauteuil roulant|fauteuil roulant motorisé|handicap
🦽	fauteuil roulant manuel	accessibilité|fauteuil roulant|fauteuil roulant manuel|handicap
🦾	bras mécanique	accessibilité|bras|bras mécanique|bras robot|handicap|prothèse|prothèse de bras
🦿	jambe mécanique	accessibilité|handicap|jambe artificielle|jambe mécanique|jambe robot|prothèse|prothèse de jambe
🧀	part de fromage	fromage|nourriture|part de fromage
🧁	cupcake	cupcake|dessert|muffin|pâtisserie|sucre|sucrerie
🧂	sel	condiment|salé|salière|saveur|sel
🧃	briquette de jus	boisson|briquette de jus|carton|jus|jus de fruits|paille
🧄	ail	ail|aromate|assaisonnement|condiment|légume|vampire
🧅	oignon	assaisonnement|condiment|légume|ognon|oignon
🧆	falafels	boulette|boulettes|falafel|falafels|pois chiches|seitan|soja|viande
🧇	gaufre	brunch|gaufre|gourmandise|goûter|moule|pâtisserie|petit déjeuner|petit-déjeuner
🧈	beurre	beurre|gras|produit laitier
🧉	maté	boisson|maté
🧊	glaçon	cube|froid|glace|glaçon|iceberg
🧋	thé aux perles	boba|boisson|bubble tea|bulle|lait|paille|perle|thé aux bulles|thé aux perles|thé froid|zenzou
🧌	troll	conte de fées|légende|monstre|mythe|troll|troller
🧍	personne debout	debout|personne debout
🧎	personne à genoux	à genoux|personne à genoux|prière|religion
🧏	personne sourde	accessibilité|entendre|malentendant|oreille|personne sourde|sourd|surdité
🧐	visage avec un monocle	classe|collet monté|fortune|monocle|riche|tête avec monocle|vieux jeu|visage avec un monocle
🧑	adulte	adulte|genre neutre|non-genré
🧑‍🌾	fermier (tous genres)	fermier|fermier (tous genres)|fermière|jardinier|jardinière
🧑‍🍳	cuisinier (tous genres)	chef|cuisinier|cuisinier (tous genres)|cuisinière
🧑‍🍼	personne allaitant un bébé	allaitement|bébé|biberon|homme|maman|mère|nounou|nouveau-né|papa|père|personne|personne allaitant un bébé
🧑‍🎄	santa	joyeux Noël|noël|Noël|Papa Noël|Père Noël|personne|Saint-Nicolas|Santa
🧑‍🎓	étudiant (tous genres)	diplôme|étudiant|étudiant (tous genres)|étudiante
🧑‍🎤	chanteur (tous genres)	artiste|chanteur|chanteur (tous genres)|chanteuse|rock|star
🧑‍🎨	artiste	artiste|palette
🧑‍🏫	personnel enseignant	enseignant|enseignante|formateur|formatrice|personnel enseignant|professeur
🧑‍🏭	ouvrier (tous genres)	assemblage|industrie|ouvrier|ouvrier (tous genres)|ouvrière|usine
🧑‍💻	informaticien (tous genres)	développeur|développeuse|informaticien|informaticien (tous genres)|informaticienne|logiciels|technologie
🧑‍💼	employé de bureau (tous genres)	affaires|architecte|bureau|employé de bureau|employé de bureau (tous genres)|employée de bureau
🧑‍🔧	mécanicien (tous genres)	artisan|électricien|électricienne|mécanicien|mécanicien (tous genres)|mécanicienne|plombier
🧑‍🔬	scientifique	chimiste|scientifique
🧑‍🚀	astronaute	astronaute|fusée
🧑‍🚒	pompier	camion de pompiers|pompier
🧑‍🤝‍🧑	deux personnes se tenant la main	couple|couple homosexuel|deux personnes se tenant la main|gay|main|personne|personnes se tenant par la main|poignée de main|tenir la main
🧑‍🦯	personne avec une canne blanche	accessibilité|aveugle|personne avec une canne blanche
🧑‍🦼	personne en fauteuil motorisé	accessibilité|fauteuil roulant|personne en fauteuil motorisé
🧑‍🦽	personne en fauteuil roulant manuel	accessibilité|fauteuil roulant|personne en fauteuil roulant manuel
🧑‍🧑‍🧒	famille : adulte, adulte, enfant	adulte|enfant|famille : adulte|famille : adulte, adulte, enfant
🧑‍🧑‍🧒‍🧒	famille : adulte, adulte, enfant, enfant	adulte|enfant|famille : adulte|famille : adulte, adulte, enfant, enfant
🧑‍🧒	famille : adulte, enfant	enfant|famille : adulte|famille : adulte, enfant|famille monoparentale
🧑‍🧒‍🧒	famille : adulte, enfant, enfant	enfant|famille : adulte|famille : adulte, enfant, enfant|famille monoparentale
🧑‍🩰	danseuse de ballet	ballerine|ballet|danse classique|danseuse
🧒	enfant	enfant|genre neutre|jeune|non-genré
🧓	personne âgée	adulte|âgé|genre neutre|non-genré|personne âgée
🧔	personne barbue	barbe|barbu|personne avec une barbe|personne barbue
🧕	femme avec foulard	bandana|femme avec foulard|femme avec un voile|foulard|hijab|mantilla|tichel|voile
🧖	personne au hammam	bien-être|chaud|détente|hammam|personne au hammam|personne dans un sauna|relaxation|sauna|spa|vapeur
🧗	personne qui grimpe	alpiniste|escalader|grimper|grimpeur|montagne|personne qui escalade|personne qui grimpe|sport
🧘	personne dans la posture du lotus	détendu|femme|lotus|méditation|personne assise en position du lotus|personne dans la posture du lotus|position du lotus|relax|relaxation|tailleur|yoga|zen
🧙	mage	chapeau|enchantement|ensorceleur|envoûtement|jeu de rôle|mage|magicien|personnage|sorcier|sorcière|sortilège
🧚	personnage féérique	ailes|déguisement|fée|Fée clochette|féerie|magie|Obéron|personnage féérique|Puck|Titania|voler
🧛	vampire	canines|cape|conte|déguisement|dents|dracula|Dracula|halloween|mort-vivant|personnage|sang|vampire
🧜	créature aquatique	ariel|créature aquatique|folklore|mer|océan|personnage|petite sirène|queue de poisson|sirène|trident|triton
🧝	elfe	conte|elf|elfe|le seigneur des anneaux|legolas|magique|oreilles|personnage
🧞	génie	aladin|djinn|génie|homme génie|lampe magique|magie|personnage|souhait|voeu|vœu
🧟	zombie	effrayant|flippant|halloween|horreur|mort vivant|mort-vivant|personnage|peur|zombie
🧠	cerveau	cerveau|intelligent|intelligente
🧡	cœur orange	coeur orange|cœur orange|orange
🧢	casquette américaine	baseball cap|casquette|casquette américaine|casquette de baseball|chapeau|vêtements
🧣	foulard	cou|écharpe|foulard|froid|glagla|vêtements
🧤	gants	gant|gants|main|vêtements
🧥	manteau	froid|glagla|manteau|veste|vêtements
🧦	chaussettes	chaussettes|pieds|vêtements
🧧	enveloppe rouge	argent|bonne chance|cadeau|enveloppe rouge|hóngbāo|lai see
🧨	pétard	dynamite|étincelle|explosif|explosive|feu d’artifice|pétard|tnt
🧩	pièce de puzzle	assemblage|énigme|indice|interloqué|pièce de puzzle|pièce manquante|puzzle
🧪	tube à essai	chimie|chimiste|expérience|expérimentation|labo|laboratoire|réaction|science|sciences|tube à essai
🧫	boîte de pétri	bactérie|bactériologie|biologie|biologiste|boîte de petri|boîte de pétri|culture|labo|laboratoire|micro-organismes|microbiologie|science
🧬	adn	adn|biologie|biologiste|évolution|gène|génétique|science|vie
🧭	boussole	boussole|compas|direction|magnétique|navigation|orientation
🧮	abaque	abaque|boulier|calcul|calculation|math|mathématiques
🧯	extincteur	chaud|éteindre|extincteur|feu|fire|incendie
🧰	boîte à outils	boîte à outils|caisse à outils|coffre|mécanique|mécano|outil|outils
🧱	brique	argile|brique|briques|mortier|mur|mur de briques|the wall|voie 9 3/4
🧲	aimant	aimant|aimanter|attirer|attraction|fer à cheval|magnet|magnétique|positif négatif
🧳	bagage	bagage|valise|voyage
🧴	bouteille de lotion	après-shampoing|bouteille de lotion|crème hydratante|crème pour le corps|crème solaire|flacon|hydratant|lotion|shampoing|shampooing
🧵	bobine de fil	aiguille|bobine|bobine de fil|coudre|couture|ficelle|fil
🧶	fil	boule|crochet|fil|laine|pelote|tricot
🧷	épingle de sûreté	couche|épingle à nourrice|épingle de nourrice|épingle de sûreté|imperdable|lange|punk rock
🧸	ours en peluche	jeu|jouet|nounours|ours|ours en peluche|peluche
🧹	balai	balai|balais|balayage|ménage|nettoie|nettoyage|nettoyé|nettoyer|sorcière
🧺	panier	agriculture|cueillette|lessive|linge|panier|pique-nique
🧻	rouleau de papier	essuie-tout|papier hygiénique|papier toilette|rouleau de papier|rouleau de pq
🧼	savon	bain|bulles|lavage|laver|me lave|me laver|mousse|pain de savon|porte-savon|savon|se lave|se laver
🧽	éponge	absorbante|absorbe|éponge|laver|nettoyage|nettoyer|poreuse|savonner
🧾	reçu	compta|comptabilité|comptable|facture|faire les comptes|justificatif|preuve|reçu|ticket de caisse
🧿	mauvais œil	amulette|l’oeil bleu|mauvais oeil|mauvais œil|nazar|nazar boncuk|nazarboncuk|œil bleu|perle|superstition|talisman|talisman turc
🩰	chaussons de danse	ballerines|ballet|chaussons de danse|chaussures|classique|danse
🩱	maillot de bain une pièce	maillot|maillot de bain|maillot de bain une pièce|maillot une pièce
🩲	slip	maillot de bain|slip|slip de bain|sous-vêtement|une pièce
🩳	short	baignade|caleçon|maillot de bain|piscine|plage|short|short de bain|sous-vêtement
🩴	tong	claquettes|été|mer|plage|sandales|sandales de plage|tatanes|tong|tongs
🩵	cœur bleu clair	143|aimer|amour|bleu ciel|bleu clair|cœur bleu clair|cyan|émotion|jtm|mignon|spécial
🩶	cœur gris	143|amour|ardoise|argent|argenté|cœur|émotion|gris|jtm|spécial
🩷	cœur rose	143|adorable|aimer|amour|cœur|émotion|jtm|mignon|rose
🩸	goutte de sang	don du sang|goutte de sang|médecine|menstruation|menstruations|règles|sang
🩹	sparadrap	bandage|bobo|médecine|pansement|premiers secours|sparadrap
🩺	stéthoscope	cœur|diagnostic|docteur|médecin|médecine|poumons|stéthoscope
🩻	radiographie	cage thoracique|docteur|médical|os|radiographie|rayons X|squelette
🩼	béquille	accident|aide|béquille|blessé|boiter|canne|handicap
🪀	yoyo	descendre|jouet|monter|osciller|yoyo
🪁	cerf-volant	cerf-volant|planer|voler
🪂	parachute	chute libre|parachute|parachute ascensionnel|parapente|sensations fortes
🪃	boomerang	aborigène|australie|boomerang|jeu|outil|répercussion|retour
🪄	baguette magique	abracadabra|baguette magique|magicien|magie|sorcier|sorcière|sort|tour de magie
🪅	piñata	5 mai|bonbons|cinco de mayo|confiseries|fête|mexicain|piñata
🪆	poupées russes	emboîté|empiler|jouet|matriochka|poupée gigogne|poupée russe|poupées russes|russe|russie
🪇	maracas	cha cha cha|danse|danser|fête|hochet|instrument|maracas|musique|percussion|secouer
🪈	flûte	bois|fanfare|fifre|flûte|flûte à bec|flûtiste|instrument|musique|orchestre|piccolo
🪉	harpe	amour|cupidon|harpe|instrument|musique|orchestre
🪊	trombone à coulisse	instrument|musique|trombone
🪎	coffre au trésor	argent|argenterie|bijoux|butin|objets de valeur|or|pierre précieuse|richesse
🪏	pelle	bêche|creuser|pelle|trou
🪐	planète à anneaux	anneaux|planète à anneaux|saturne|saturnien|saturnienne
🪑	chaise	assis|chaise|siège
🪒	rasoir	coupant|lame|raser|rasoir|tranchant
🪓	hache	bois|bûcheron|fendre|hache|hachette
🪔	diya	ārtī|Diwali|diya|fête inde|huile|lampe|lampe à beurre|lampe inde
🪕	banjo	banjo|cordes|instrument|instrument à cordes|musique
🪖	casque militaire	armée|casque|équipement|guerre|guerrier|militaire|protection|soldat
🪗	accordéon	accordéon|bandonéon|concert|concertina|instrument|mélodie|musique|piano à bretelles
🪘	djembé	battement|conga|djembé|instrument|musique|percussions|rythme|tambour
🪙	pièce	argent|euro|fortune|métal|or|pièce|pièce de monnaie|riche|sou|trésor
🪚	scie	bois|outil|scie|scie à bois|scie égoïne|scier
🪛	tournevis	outil|outillage|tournevis|vis
🪜	échelle	ascension|barreau|échelle|échelon|escabeau|grimper|monter
🪝	crochet	accrocher|appâter|attraper|capitaine|crochet|ferrer|hameçon|hameçonner
🪞	miroir	beauté|glace|image|maquillage|miroir|psyché|reflet
🪟	fenêtre	air frais|cadre|carreaux|fenêtre|ouverture|transparent|vitre|vue
🪠	ventouse	bouché|déboucheur|dégorgement|outil|plombier|succion|toilettes|ventouse
🪡	aiguille à coudre	aiguille à coudre|broderie|coudre|couture|fil à coudre|points|suture|tailleur
🪢	nœud	attacher|corde|entrelacer|lien|nœud|noué|tordre
🪣	seau	conteneur|plage|seau
🪤	tapette à souris	apât|appât|fromage|leurre|piège|piège à souris|rat|tapette|tapette à souris
🪥	brosse à dents	brosse|brosse à dents|brosser les dents|dentaire|dents|hygiène|laver|laver les dents|salle de bain
🪦	pierre tombale	cimetière|enterrement|funérailles|mémorial|mort|pierre tombale|RIP|sépulture|stèle|tombe
🪧	pancarte	affiche|écriteau|grève|manifestation|pancarte|panneau|protestation|signe
🪨	rocher	caillou|dur|lourd|pierre|roc|roche|rocher|solide
🪩	boule à facettes	boule à facettes|briller|danse|disco|fête|soirée
🪪	carte d’identité	carte d’identité|justificatif|papiers|permis de conduire|pièce d’identité|sécurité
🪫	pile faible	batterie|batterie faible|déchargé|électronique|énergie faible|pile faible
🪬	main de Fatma	amulette|chance|Fatma|hamsa|khamsa|main de Fatma|Myriam|protection
🪭	éventail	agiter|chaleur|charmer|chaud|danse|danser|éventail|éventer|rafraîchir|timide
🪮	peigne afro	afro|cheveux|démêler|démêloir|peigne|peigner
🪯	khanda	deg tegh fateh|foi|khalsa|khanda|religion|sikh|sikhisme
🪰	mouche	animal|asticot|insecte|maladie|mouche|nuisible|pourrissement|puanteur|putréfaction|tsé-tsé
🪱	lombric	animal|annélide|insecte|lombric|parasite|ver|ver de terre
🪲	scarabée	animal|insecte|scarabée
🪳	cafard	animal|blatte|cafard|coquerelle|insecte|nuisible
🪴	plante en pot	décoration|ennuyeux|faire pousser|intérieur|nature|plante|plante en pot|pousser|prendre soin
🪵	bois	arbre|bois|bûche|bûcheron|rondins|tronc
🪶	plume	écrire|écrivain|léger|oiseau|plumage|plume|voler
🪷	lotus	beauté|bouddhisme|calme|fleur|hindouisme|lotus|pureté|sérénité
🪸	corail	corail|océan|réchauffement climatique|récif
🪹	nid vide	branches|faire son nid|maison|nid|nid vide
🪺	nid avec œufs	branches|faire son nid|nid|nid avec œufs|oiseau
🪻	jacinthe	fleur|fleurir|indigo|jacinthe|lavande|lilas|lupin|mauve|muflier|plante|printemps|violet
🪼	méduse	aïe|animal|aquarium|brûlure|gélatineux|invertébré|marin|méduse|mer|mou|océan|piqûre|plancton|tentacules|vie marine
🪽	aile	aile|angélique|aviation|céleste|mythologie|oiseau|s’élever|s’envoler|voler
🪾	arbre sans feuille	arbre sans feuille|aride|hiver|sécheresse
🪿	oie	animal|bête|cacarder|canard|jars|oie|oiseau|troupeau|volaille|volée
🫀	cœur	anatomie|battement de coeur|battements|cardiologie|cœur|organe|pouls|pulsation
🫁	poumons	anatomie|expiration|inspiration|organe|poumons|respiration|respirer|souffle
🫂	étreinte	accolade|amitié|au revoir|bonjour|câlin|embrassades|étreinte|gratitude|merci|personne
🫃	homme enceint	enceinte|grossesse|homme enceint|homme enceinte|personne enceinte|trop mangé|ventre
🫄	personne enceinte	enceinte|grossesse|personne enceinte|trop mangé|ventre
🫅	personne avec une couronne	monarque|noble|personne avec une couronne|royal|royauté
🫆	empreinte digitale	dermatoglyphe|données biométriques|empreinte digitale|identité|sécurité
🫈	créature velue	bigfoot|cryptide|forêt|géant|homme sauvage|poilu|sasquatch|yéti
🫍	orque	baleine|marin|océan
🫎	élan	animal|bois|cervidé|élan|mammifère|orignal|ramure
🫏	âne	âne|animal|bourricot|mammifère|mule|têtu
🫐	myrtilles	airelles|baies|bleu|bleuets|fruit|myrtilles|nourriture|violet
🫑	poivron	légume|piment|poivron|poivron rouge|poivron vert
🫒	olive	aliment|apéritif|apéro|nourriture|olive|olivier|rameau
🫓	galette	arepa|galette|gordita|lavash|naan|nourriture|pain plat|pita
🫔	tamal	mexicain|nourriture|pamonha|papillote|tamal
🫕	fondue	bourguignonne|chocolat|fondue|fromage|plat|poêlon|savoyarde|ski|suisse|Suisse
🫖	théière	boisson|boisson chaude|infusion|thé|théière
🫗	verser un liquide	accident|boisson|eau|oups|renverser|verre|verser|verser un liquide|vider
🫘	haricots	haricot rouge|haricots|légume|légumineuse|nourriture|petit|rognon
🫙	bocal	bocal|condiments|conserver|pot|récipient|rien|sauce|vide
🫚	racine de gingembre	bière|épice|gingembre|naturel|racine|racine de gingembre|santé
🫛	cosse de petits pois	cosse|cosse de petits pois|edamame|fève|haricot|légume|légumineuse|pois|soja
🫜	légume-racine	betterave|jardin|légume|navet|racine
🫟	éclaboussure	éclaboussure|holi|peinture|tache
🫠	visage qui fond	disparaître|fondre|gêne|liquéfié|liquide|sarcasme|se dissoudre|visage qui fond
🫡	visage qui fait un salut militaire	armée|bonne chance|compris|OK|oui|respect|salut|visage qui fait un salut militaire
🫢	visage avec yeux ouverts et main sur la bouche	choqué|embarrassé|étonné|gêné|impressionné|stupéfait|surpris|visage avec yeux ouverts et main sur la bouche
🫣	visage qui regarde entre ses doigts	captivé|effrayé|fasciné|jeter un coup d’œil|regarder fixement|se cacher|timide|visage qui regarde entre ses doigts
🫤	visage avec bouche en diagonale	bof|confus|déçu|euh|frustration|incertain|sceptique|visage avec bouche en diagonale
🫥	visage en pointillés	déprimé|disparaître|introverti|invisible|se cacher|visage en pointillés
🫦	lèvres qui se mordent	anxieux|flirt|inquiet|lèvre mordue|lèvres qui se mordent|mal à l’aise|nerveux
🫧	bulles	bulle|bulles|propre|savon|sous l’eau
🫨	visage secoué	choc|étourdi|fou|omg|ouah|panique|secoué|surprenant|tremblement|tremblement de terre|vibration|visage secoué
🫩	visage avec des valises sous les yeux	ensommeilé|épuisé|fatigué|sommeil|visage avec des valises sous les yeux
🫪	visage déformé	anxiété|bouffi|choc|gonflé|panique|surprise|vulnérabilité
🫯	nuage de colère	bagarre|combat|désaccord|discussion|dispute|grabuge|lutte
🫰	main avec index et pouce croisés	amour|argent|cher|claquer des doigts|cœur|main avec index et pouce croisés
🫱	main vers la droite	droite|main vers la droite|serrer la main|tenir la main|vers la droite
🫲	main vers la gauche	gauche|main vers la gauche|serrer la main|tenir la main|vers la gauche
🫳	main paume vers le bas	chasser|choisir|faire partir|laisser tomber|main paume vers le bas|ouste|rejeter
🫴	main paume vers le haut	appeler de la main|attirer|faire venir|main paume vers le haut|offre
🫵	index pointant vers l’utilisateur	index pointant vers l’utilisateur|pointer|toi
🫶	mains qui forment un cœur	amour|cœur|mains qui forment un cœur
🫷	main qui pousse vers la gauche	arrêter|attendre|bloquer|gauche|halte|high five|main|main qui pousse vers la gauche|pousser|refuser|stop|tape m’en cinq|top là
🫸	main qui pousse vers la droite	arrêter|attendre|bloquer|droite|halte|high five|main|main qui pousse vers la droite|pousser|refuser|stop|tape m’en cinq|top là
