⌚	orologio	orologio|orologio da polso|tempo
⌛	clessidra	clessidra|sabbia|tempo
⏩	pulsante di avanzamento rapido	avanzamento rapido|destra|doppia freccia a destra|fast forward|freccia|pulsante di avanzamento rapido|triangolo
⏪	pulsante di riavvolgimento rapido	doppia freccia a sinistra|freccia|pulsante di riavvolgimento rapido|rewind|riavvolgimento rapido|sinistra
⏫	pulsante doppia freccia in alto	alto|doppia freccia in alto|freccia|pulsante doppia freccia in alto
⏬	doppia freccia in basso	basso|doppia freccia in basso|freccia
⏰	sveglia	attesa|mattino|ora|ore|suono|sveglia|svegliarsi|tempo
⏳	clessidra che scorre	clessidra|clessidra che scorre|sabbia|tempo
◽	quadrato bianco medio-piccolo	geometria|quadrato|quadrato bianco medio-piccolo
◾	quadrato nero medio-piccolo	geometria|quadrato|quadrato nero medio-piccolo
☔	ombrello con gocce di pioggia	diluvio|gocce d’acqua|meteo|natura|ombrello|ombrello bagnato|ombrello con gocce di pioggia|pioggia
☕	bevanda calda	bevanda|bevanda calda|caffè|fumante|tè caldo|the|thè
♈	Segno zodiacale dell’Ariete	Ariete|Segno zodiacale dell’Ariete|zodiaco
♉	Segno zodiacale del Toro	oroscopo|segno zodiacale|Segno zodiacale del Toro|Toro|zodiaco
♊	Segno zodiacale dei Gemelli	Gemelli|oroscopo|segno zodiacale|Segno zodiacale dei Gemelli|zodiaco
♋	Segno zodiacale del Cancro	Cancro|oroscopo|segno zodiacale|Segno zodiacale del Cancro|zodiaco
♌	Segno zodiacale del Leone	Leone|oroscopo|segno zodiacale|Segno zodiacale del Leone|zodiaco
♍	Segno zodiacale della Vergine	oroscopo|segno zodiacale|Segno zodiacale della Vergine|Vergine|zodiaco
♎	Segno zodiacale della Bilancia	Bilancia|oroscopo|segno zodiacale|Segno zodiacale della Bilancia|zodiaco
♏	Segno zodiacale dello Scorpione	oroscopo|Scorpione|segno zodiacale|Segno zodiacale dello Scorpione|zodiaco
♐	Segno zodiacale del Saggitario	oroscopo|Sagittario|segno zodiacale|Segno zodiacale del Saggitario|zodiaco
♑	Segno zodiacale del Capricorno	Capricorno|oroscopo|segno zodiacale|Segno zodiacale del Capricorno|zodiaco
♒	Segno zodiacale dell’Acquario	Acquario|segno zodiacale|Segno zodiacale dell’Acquario|zodiaco
♓	Segno zodiacale dei Pesci	oroscopo|Pesci|segno zodiacale|Segno zodiacale dei Pesci|zodiaco
♿	simbolo della disabilità	accesso|accesso sedia a rotelle|disabile|sedia a rotelle|simbolo|simbolo della disabilità|simbolo sedia a rotelle
⚓	ancora	ancora|mare|marina|marinaio|nave|simbolo
⚡	alta tensione	alta|fulmine|pericolo|simbolo|tensione|tuono
⚪	cerchio bianco	bianco|cerchio|cerchio bianco grande|geometria
⚫	cerchio nero	cerchio|cerchio nero grande|geometria|nero
⚽	pallone da calcio	calcetto|calcio|palla|pallone|pallone da calcio|sport
⚾	palla da baseball	baseball|battitore|guantone|mazza|palla da baseball|ricevitore|sport
⛄	pupazzo di neve senza neve	inverno|natura|neve|pupazzo|pupazzo di neve|pupazzo di neve senza neve
⛅	sole coperto	meteo|natura|nuvola|sole|sole con nuvole|sole coperto|variabile
⛎	Segno zodiacale dell’Ofiuco	Ofiuco|segno zodiacale|Segno zodiacale dell’Ofiuco|zodiaco
⛔	segnale di divieto di accesso	accesso|divieto|divieto di accesso|proibito|segnale di divieto di accesso|simbolo|stop|vietato
⛪	chiesa	cappella|cattedrale|chiesa|cristianesimo|croce|edificio|religione
⛲	fontana	acqua|acqua che scorre|fontana
⛳	bandiera in buca	bandiera golf|bandiera in buca|bandierina|buca|golf
⛵	barca a vela	barca|barca a vela|località balneare|mare|sport|vacanza|vela|yacht
⛺	tenda	accampamento|campeggio|tenda
⛽	stazione di servizio	benzina|carburante|fare il pieno|pieno|pompa di benzina|stazione|stazione di servizio
✅	pulsante segno di spunta	baffo|fatto|pulsante segno di spunta|segno di spunta|segno di spunta grande|spunta
✊	pugno	alzato|lotta|mano|pugno|pugno chiuso|sasso|solidarietà
✋	mano alzata	alzata|carta|cinque|mano|mano aperta
✨	stelline	scintille|spendente|stelle|stelline
❌	croce	croce|croce rossa|moltiplicazione|X
❎	croce con quadrato	croce con quadrato|croce verde|moltiplicazione|X con quadrato
❓	punto interrogativo rosso	?|domanda|punteggiatura|punto di domanda|punto di domanda pieno|punto interrogativo|punto interrogativo rosso
❔	punto interrogativo bianco	?|domanda|punteggiatura|punto di domanda|punto di domanda vuoto|punto interrogativo|punto interrogativo bianco|punto interrogativo grigio
❕	punto esclamativo bianco	!|esclamazione|punteggiatura|punto esclamativo|punto esclamativo bianco|punto esclamativo grigio|punto esclamativo vuoto
❗	punto esclamativo rosso	esclamazione|punteggiatura|punto esclamativo|punto esclamativo pieno|punto esclamativo rosso
➕	addizione	+|addizione|croce|matematica|più|segno|segno di addizione
➖	sottrazione	-|matematica|meno|segno|segno di sottrazione|sottrazione|trattino
➗	divisione	÷|divisione|diviso|matematica|segno|segno di divisione
➰	occhiello	cerchio|nodo|occhiello
➿	doppio occhiello	doppio|occhiello
⬛	quadrato nero grande	geometria|quadrato|quadrato nero grande
⬜	quadrato bianco grande	geometria|quadrato|quadrato bianco grande
⭐	stella	astro|natura|stella|stella gialla|stellina
⭕	cerchio rosso vuoto	cerchio|cerchio rosso vuoto|gioco|pallino|tris
🀄	tessera Mahjong	drago|drago rosso|Mahjong|tessera
🃏	jolly	carta|carta da gioco|gioco|Joker|jolly
🆎	gruppo sanguigno AB	AB|gruppo AB|gruppo sanguigno AB
🆑	pulsante CL	bottone|CL|pulsante|simbolo
🆒	pulsante COOL	cool|pulsante|simbolo|tasto
🆓	pulsante FREE	free|gratis|libero|pulsante|simbolo|tasto
🆔	pulsante ID	ID|identità|pulsante ID|simbolo ID
🆕	pulsante NEW	new|nuovo|pulsante|simbolo|tasto
🆖	pulsante NG	NG|pulsante|simbolo NG|tasto
🆗	pulsante OK	OK|pulsante|simbolo|tasto
🆘	pulsante SOS	aiuto|pulsante SOS|Segnale di SOS|simbolo di SOS|simbolo SOS|soccorsi|soccorso|SOS
🆙	pulsante UP!	alto|in alto|pulsante|simbolo UP!|sù|tasto UP!|UP!
🆚	pulsante VS	contro|pulsante|simbolo contro|tasto|versus|vs
🈁	ideogramma giapponese per “Qui”	giapponese|katakana|parola|pulsante|qui|simbolo|tabelloni|tasto|ココ
🈚	ideogramma giapponese di “Gratis”	giapponese|gratis|ideogramma|ideogramma giapponese di “Gratis”|negazione
🈯	ideogramma giapponese di “Riservato”	direzione|dito|giapponese|ideogramma|ideogramma giapponese di “Riservato”|indicare|riservato
🈲	ideogramma giapponese di “Proibito”	giapponese|ideogramma|ideogramma giapponese di “Proibito”|proibito
🈳	ideogramma giapponese di “Posto libero”	cinese|disponibilità|giapponese|ideogramma|ideogramma giapponese di “Posto libero”|libero|posto libero|vuoto
🈴	ideogramma giapponese di “Voto di sufficienza”	cinese|giapponese|ideogramma|ideogramma giapponese di “Voto di sufficienza”|insieme|sufficienza
🈵	ideogramma giapponese di “Nessun posto libero”	cinese|giapponese|ideogramma|ideogramma giapponese di “Nessun posto libero”|nessun posto libero|pienezza|pieno
🈶	ideogramma giapponese di “A pagamento”	esistere|giapponese|ideogramma|ideogramma giapponese di “A pagamento”
🈸	ideogramma giapponese di “Candidatura”	applicare|candidarsi|cinese|giapponese|ideogramma|ideogramma giapponese di “Candidatura”
🈹	ideogramma giapponese di “Sconto”	dividere|giapponese|ideogramma|ideogramma giapponese di “Sconto”|prezzo scontato|sconto
🈺	ideogramma giapponese di “Aperto al pubblico”	aperto|aperto al pubblico|aperto per affari|cinese|giapponese|ideogramma|ideogramma giapponese di “Aperto al pubblico”|ideogramma in funzione|in funzione
🉐	ideogramma giapponese di “Occasione”	giapponese|ideogramma|ideogramma giapponese di “Occasione”|vantaggio
🉑	ideogramma giapponese di “Accettabile”	accettabile|accettare|cinese|giapponese|ideogramma|ideogramma giapponese di “Accettabile”
🌀	ciclone	ciclone|mal di mare|meteo|nausea|spirale|tifone|tornado|vento
🌁	nebbioso	clima|meteo|montagna con la nebbia|nebbia|nebbioso
🌂	ombrello chiuso	meteo|ombrello chiuso|pioggia|piovere
🌃	notte stellata	cielo|città|città di notte|luna|notte|notte stellata|stelle
🌄	alba sulle montagne	alba|alba sulle montagne|montagna|montagne|paesaggio|sole|sole che sorge|tramonto
🌅	alba	alba|finestra|mattino|natura|sole|sole che sorge
🌆	città al tramonto	città|città al tramonto|edifici|paesaggio|tramonto
🌇	tramonto	città|skyline|sole che tramonta sulla città|tramonto
🌈	arcobaleno	arcobaleno|bisessuale|colori|gay|lesbica|lgbt|meteo|natura|omosessuale|pace|pioggia|transgender
🌉	ponte di notte	Golden Gate|notte|paesaggio|ponte|ponte di notte|San Francisco
🌊	onda	acqua|la grande onda|mare|natura|oceano|onda|onda d’acqua|onda del mare|surf
🌋	vulcano	eruzione|etna|Etna|lava|natura|Vesuvio|vulcano|vulcano in eruzione
🌌	Via Lattea	lattea|nebulosa|notte|spazio|stelle|Via Lattea
🌍	Europa e Africa	Africa|Europa|Europa e Africa|globo|mappamondo|natura|pianeta|terra
🌎	America	America|Americhe|globo|mappamondo|natura|pianeta|terra
🌏	Asia e Australia	Asia|Asia e Australia|Australia|globo|mappamondo|natura|pianeta|terra|Terra
🌐	globo con meridiani	globo|globo con meridiani|meridiani
🌑	luna nuova	cielo|luna|luna nera|natura|notte|novilunio|nuova
🌒	luna crescente	buona notte|crescente|luna|mezza luna|natura|notte|quarto di luna|sogni|spicchio di luna
🌓	primo quarto di luna	luna|natura|notte|primo quarto di luna|quarto
🌔	luna gibbosa crescente	crescente|gibbosa|luna|natura|notte
🌕	luna piena	luna|natura|notte|piena|plenilunio
🌖	luna gibbosa calante	calante|gibbosa|luna|luna quasi pieni|natura|notte
🌗	ultimo quarto di luna	luna|metà|natura|notte|quarto|spazio|ultimo quarto di luna
🌘	luna calante	calante|luna|natura|notte
🌙	spicchio di luna	calante|cielo|crescente|gobba|luna|natura|notte|spazio|spicchio di luna|ultimo quarto
🌚	faccina luna nuova	faccina|faccina luna nuova|luna|luna nera|luna nuova|luna nuova con faccina|natura|notte
🌛	faccina primo quarto di luna	cielo|faccina|faccina primo quarto di luna|luna|luna con faccina|natura|notte|primo quarto di luna|quarto di luna con faccina
🌜	faccina ultimo quarto di luna	faccina|faccina della luna|faccina ultimo quarto di luna|luna|luna con faccina|natura|notte|quarto di luna con faccina|ultimo quarto di luna
🌝	faccina luna piena	faccina|faccina con la luna|faccina della luna|faccina luna piena|luna|luna con faccina|luna piena|luna piena con faccina|natura
🌞	faccina sole	bel tempo|caldo|denari|estate|faccina|giornata|giorno|meteo|sole|soleggiato
🌟	stella che brilla	brillante|evvai|felicità|festeggiare|natura|notte|scintillante|sorpresa|stella|stella che brilla|stella con scintille|stellina
🌠	stella cadente	cadente|desiderio|fortuna|notte|stella
🌭	hot dog	cibo|hot dog|panino|street food|wurstel
🌮	taco	cibo|cucina messicana|guacamole|messicana|messicano|Messico|ristorante|salsa|taco|tacos
🌯	burrito	burrito|cucina messicana|Messico
🌰	castagna	autunno|bosco|caldarroste|castagna|cibo|frutta|frutto|nocciola
🌱	germoglio	germoglio|natura|pianta|piantina|primavera
🌲	albero sempreverde	abete|albero|albero di natale|conifera|foresta|natura|pino|sempreverde
🌳	albero deciduo	albero|albero rotondo|caduco|deciduo|natura|pianta
🌴	palma	albero|natura|palma|spiaggia|tropicale|tropici
🌵	cactus	cactus|caldo|deserto|messico|natura|pianta|pianta grassa|spina|spine|west
🌷	tulipano	fiore|giardino|natura|pianta|rosa|tulipano
🌸	fiore di ciliegio	ciliegio|fiore|fiore di ciliegio|fiorito|natura|pianta|primavera|primula|rosa
🌹	rosa	amore|bellezza|fiore|giardino|natura|pianta|regalo|rosa|rosa rossa|rosso
🌺	ibisco	fiore|ibisco|natura|pianta|rosso
🌻	girasole	fiore|giallo|girasole|natura|pianta
🌼	fiore	bocciolo|fiore|fiorellino|giallo|margherita|natura|pianta
🌽	pannocchia	cibo|fattoria|granoturco|mais|pannocchia|verdura
🌾	pianta di riso	cereale|natura|pianta|pianta di riso|riso|spiga|spiga di riso
🌿	pianta	foglia|natura|pianta|ramo|verde
🍀	quadrifoglio	foglia|fortuna|natura|pianta|piante|quadrifoglio|quattro
🍁	foglia d’acero	autunno|foglia|foglia caduta|foglia d’acero|natura
🍂	foglia caduta	autunno|cadute foglia|foglia|foglia caduta|foglie|foglie cadute|foglie che cadono|foglie rosse|natura|ramo
🍃	foglia al vento	foglia|foglia al vento|foglie|vento|vento che soffia
🍄	fungo	amanita|autunno|biancaneve|bosco|favola|fiaba|funghetto|fungo|natura|velenoso
🍄‍🟫	fungo marrone	autunno|bosco|champignon|cibo|fungo|fungo marrone|natura|porcino|vegano|vegetale|vegetariano
🍅	pomodoro	cibo|pomodoro|rosso|verdura
🍆	melanzana	cibo|melanzana|verdura
🍇	uva	cibo|dioniso|frutta|frutto|grappolo|grappolo d’uva|uva|vino|viola
🍈	melone	cantaloupe|cibo|frutta|frutto|melone|oliva
🍉	anguria	anguria|cibo|frutta|frutto
🍊	mandarino	agrume|agrumi|arancia|cibo|frutta|frutto|mandarino|vitamina C
🍋	limone	agrume|aspro|cibo|estate|frutta|frutto|giallo|limone
🍋‍🟩	lime	agrume|cibo|cocktail|dissetante|frutta|lime|limone|limone verde|mojito|succo|tequila|tropicale
🍌	banana	banana|cibo|frutta|frutto|potassio
🍍	ananas	ananas|cibo|frutta|frutto|pina colada|tropicale
🍎	mela rossa	cibo|dieta|frutta|frutto|mela|rossa
🍏	mela verde	cibo|dieta|frutta|frutto|mela|verde
🍐	pera	cibo|frutta|frutto|pera
🍑	pesca	cibo|frutta|frutto|pesca
🍒	ciliegie	cibo|ciliegia|ciliegie|frutta|frutto
🍓	fragola	cibo|fragola|frutta|frutto|rosso
🍔	hamburger	burger|cibo|fast food|hamburger|panino|ristorante|sandwich
🍕	pizza	cena|cibo|fame|fetta|fetta di pizza|pizza|pizzeria|ristorante
🍖	carne	barbecue|carne|carne con osso|cibo|fame|osso|ristorante
🍗	coscia di pollo	carne|cibo|coscia|coscia di pollo|coscia di tacchino|fame|osso|pollo|ristorante|tacchino
🍘	galletta di riso	cibo|galletta di riso|riso
🍙	onigiri	arancino di riso|arancino di riso giapponese|cibo|giapponese|onigiri|orientale|polpetta di riso giapponese|riso|ristorante
🍚	riso bollito	cibo|cinese|riso|riso bollito|ristorante
🍛	riso al curry	cibo|curry|India|indiano|riso|riso al curry|ristorante
🍜	ciotola fumante	bacchette|cibo|cinese|ciotola di noodle|ciotola fumante|giapponese|noodle|pho|piatto caldo|ramen|ristorante
🍝	spaghetti	cena|cibo|cucina|cucinare|fame|pasta|pranzo|puttanesca|ragù|ristorante|spaghetti
🍞	pane in cassetta	carboidrati|cereali|cibo|pancarré|pane|pane a cassetta|pane in cassetta|ristorante|toast
🍟	patatine	cibo|patatine|patatine fritte|ristorante
🍠	patata dolce arrosto	arrosto|cibo|dolce|ortaggio|patata|verdura
🍡	dango	dango|dolce|dolcetto|palline di mochi|ristorante|spiedino di mochi
🍢	oden giapponese	cibo|cucina|kebab|oden|oden giapponese|pesce|ristorante|spiedino|spiedino di pesce
🍣	sushi	cibo|cucina|giapponese|riso|ristorante|salmone|sushi
🍤	gambero fritto	cibo|gamberetto|gambero|gambero fritto|ristorante|tempura
🍥	tortino di pesce a spirale	cibo|crocchetta di pesce|cucina giapponese|giapponese|pesce|ristorante|rotolo di pesce|spirale|tortino di pesce a spirale
🍦	cono gelato	bar|cono|crema|dessert|dolce|estate|gelateria|gelato|ristorante|zucchero
🍧	granita	cibo|estate|ghiaccio|granita|granita siciliana|Sicilia
🍨	coppa di gelato	cibo|coppa di gelato|crema|dessert|dolce|estate|gelateria|gelato|ristorante|zucchero
🍩	ciambella	ciambella|cibo|cioccolato|dolce|donut|ristorante|zucchero
🍪	biscotto	biscottino|biscotto|cibo|cioccolato|cookie|dessert|dolce|gocce di cioccolato|ristorante|zucchero
🍫	cioccolato	barretta di cioccolato|break|cibo|cioccolata|cioccolato|dolce|dolcetto|felicità|goloso|halloween|ristorante|snack
🍬	caramella	caramella|caramelle|dolce|dolcetti|dolcetto|dolci|dolciume|halloween|zucchero
🍭	lecca lecca	caramella|chupa chups|dolce|dolcetti|dolcetto|dolci|lecca lecca|ristorante|willi wonka|zucchero
🍮	budino	budino|cibo|creme caramel|dessert|dolce|dolci|pudding|ristorante|zucchero
🍯	barattolo di miele	api|barattolo|barattolo di miele|cibo|dolce|miele|ristorante|vaso|vaso di miele|winnie the pooh|zucchero
🍰	fetta di torta	dessert|dolce|fetta|fetta di torta|ristorante|torta|zucchero
🍱	bento box	bento box|lunch box|monoporzione|piatto pronto|ristorante
🍲	pentola di cibo	cibo|ciotola di cibo|minestra|pentola di cibo|ristorante|stufato|zuppa
🍳	cucinare	cibo|colazione all’americana|cucinare|friggere|padella|padellino|ristorante|uova|uovo|uovo in padella
🍴	forchetta e coltello	affamata|affamato|cena|che fame|cibo|cucinare|fame|forchetta e coltello|mangiare|posate|pranzo|ristorante
🍵	tazza da tè senza manico	bere|bevanda|pomeriggio|sete|tazza|tazza da tè senza manico|tazza di tè|tazzina|tè
🍶	sakè	bar|bere|bevanda|bicchiere|bottiglia|bottiglia e bicchiere di sake|bottiglia e bicchiere di sakè|giapponese|ristorante|sake|sakè
🍷	bicchiere di vino	alcool|bar|bere|bicchiere|bicchiere di vino|calice|enoteca|ristorante|vino
🍸	cocktail	alcol|alcolico|bar|bere|bevanda|bicchiere|bicchiere da cocktail|calice|cocktail|drink|ristorante
🍹	cocktail tropicale	alcool|bar|bere|club|cocktail|drink|ristorante|tropicale
🍺	boccale di birra	alcool|bar|bere|birra|boccale di birra|estate|Germania|octoberfest|pinta|pub|ristorante|sete
🍻	boccali di birra	alcool|bar|birra|birre|boccali di birra che brindano|brindisi|celebrare|cin cin|festeggiare|pub|ristorante
🍼	biberon	bambina|bambino|bebé|bere|biberon|bimba|bimbo|fame|latte|neonata|neonato|tenero
🍾	bottiglia stappata	auguri|bar|bere|brindisi|celebrare|champagne|congratulazioni|festeggiare|spumante|stappare|tappo
🍿	popcorn	cibo|cinema|mais|popcorn
🎀	fiocco	auguri|bambina|bebé|festa|fiocco|fiocco rosa|neonata
🎁	regalo	dono|festa|fiocco|Natale|pacchetto|regalino|regalo|sorpresa
🎂	torta di compleanno	auguri di compleanno|buon compleanno|candeline|cibo|compleanno|dolce|festa|festeggiare|pasticceria|tanti auguri|torta di compleanno|zucchero
🎃	zucca di Halloween	festa|Halloween|lanterna|zucca|zucca di Halloween
🎄	albero di Natale	albero|albero di Natale|celebrare|festa|festeggiare|festoni|Natale|natura|palline|pino
🎅	Babbo Natale	Babbo Natale|cappello|fest|festa|Natale|Santa Claus|uomo
🎆	fuochi d’artificio	boom|celebrazione|festa|fuochi d’artificio|fuoco d’artificio|luce|scintilla|stella
🎇	stellina scintillante	boom|esplosione|festa|fuoco|fuoco d’artificio|stella filante|stellina scintillante|stelline scintillanti
🎈	palloncino	auguri|compleanno|festa|palloncino
🎉	spara coriandoli	auguri|compleanno|congratulazioni|coriandoli|evviva|felicità|festa|party|spara coriandoli|stelle filanti|urrà|yahoo
🎊	coriandoli	carnevale|congratulazioni|coriandoli|decorazioni|evviva|festa|festeggiare|palla|palla di coriandoli|stelle filanti
🎋	albero di Tanabata	albero|albero decorato|albero di Tanabata|decorazioni|decorazioni di carta|festa|Festa delle stelle|giappone|giapponese|natura
🎌	bandiere del Giappone incrociate	bandiere|bandiere del Giappone incrociate|festa|festeggiamenti|Giappone|giapponese|giapponesi|incrociate
🎍	bambù decorato	bambù|bambù decorato|decorazione kadomatsu|festa|giapponese|pianta|pino
🎎	bambole giapponesi	bambole|festa|Festa delle bambole|giapponesi|Hina-matsuri|Hinamatsuri|imperatore|imperatore e imperatrice|imperatrice
🎏	aquilone a forma di carpa	aquilone|aquilone a forma di carpa|carpa|festa|giapponese|pesce
🎐	campana al vento	campana|campana al vento|campanelle|campanelle a vento|festa|scacciapensieri|vento
🎑	contemplazione della luna	contemplazione della luna|contemplazione festa|festa|festa della contemplazione della luna|festa della luna|festeggiare|luna
🎒	zaino	accessori|campeggio|cartella|cartella di scuola|compiti|istruzioni|scuola|viaggiare|zainetto|zaino|zaino di scuola|zaino per la scuola
🎓	cappello da laureato	cappello|cappello da laureato|festa|istruzione|laurea|laureata|laureato|università
🎠	cavallo da giostra	cavallino|cavallo|cavallo da giostra|giostra|infanzia|intrattenimento
🎡	ruota panoramica	intrattenimento|london eye|luna park|panoramica|parco divertimenti|parco giochi|ruota
🎢	montagne russe	intrattenimento|luna park|montagne|parco divertimenti|russe
🎣	canna da pesca	canna da pesca|intrattenimento|lenza|pesca|pescare|pesce|sport
🎤	microfono	cantare|concerto|intrattenimento|Karaoke|microfono|musica|palco|presentare|spettacolo|teatro
🎥	cinepresa	cinema|cinepresa|film|filmare|hollywood|intrattenimento|registrare|telecamera
🎦	simbolo del cinema	cinema|cinepresa|film|filmare|hollywood|intrattenimento|simbolo del cinema|simbolo film
🎧	cuffie	ascoltare|auricolari|cuffie|intrattenimento|musica|suono
🎨	tavolozza	arte|artista|colori|creativo|dipingere|palette|pittore|pittura|tavolozza|tavolozza dei colori
🎩	cilindro	abbigliamento|bombetta|cappello|cilindro|elegante|inglese|intrattenimento|lincoln|mago
🎪	circo	circo|festa|fiera|intrattenimento|orfei|spettacolo|tenda|tenda da circo|tendone
🎫	biglietto	ammissione|biglietto|cartellino|giallo|ingresso
🎬	ciak	ciak|ciak si gira|cinema|film|filmare|intrattenimento|lavagna|regista|scena|tavoletta
🎭	maschere	arte|arti performative|carnevale|dietro le quinte|intrattenimento|maschere|palco|performance|recitare|scena|shakespeare|teatro
🎮	gamepad	console|gamepad|giocare|gioco|joystick|videogioco
🎯	bersaglio	arciere|arco|bersaglio|colpire|freccette|gioco|sport|target|tiro con l’arco
🎰	slot machine	azzardo|casinò|gioco|gioco d’azzardo|scommesse|scommettere|slot|slot machine
🎱	palla da biliardo	8|biliardo|giocare|gioco|otto|palla da biliardo|palla otto|sport
🎲	dado	dadi|dado|gioco|gioco dei dadi
🎳	bowling	birilli|bowling|giocare|gioco|palla|palla da bowling|sport
🎴	carta da gioco Hanafuda	carta|carta da gioco|carta da gioco Hanafuda|carta dei fiori|giappone|giapponese|gioco|gioco di carte|Hanafuda
🎵	nota musicale	canzone|musica|nota|nota musicale
🎶	note musicali	canzone|melodia|musica|nota|note|note musicali|spartito
🎷	sassofono	blues|jazz|musica|sassofono|sax|strumento|strumento musicale|suonare
🎸	chitarra	band|basso|chitarra|corde|elettrica|musica|rock|strumento|strumento musicale|suonare
🎹	piano	classica|comporre|jazz|musica|piano|pianoforte|strumento|strumento musicale|suonare|tastiera
🎺	tromba	band|banda|blues|concerto|gruppo|jazz|musica|strumento|strumento musicale|tromba|trombone
🎻	violino	musica|orchestra|strumento|strumento musicale|suonare|violino
🎼	pentagramma	chiave|chiave di violino|musica|partitura|pentagramma
🎽	maglia da corsa	abbigliamento|correre|corsa|fascia|maglia|maglia da corsa|maglia da corsa con fascia|sport
🎾	tennis	giallo|palla|palla da tennis|pallina|pallina gialla|racchetta e palla da tennis|sport|tennis
🎿	sci	accessori|scarpone|scarpone da sci|sci|sport
🏀	palla da pallacanestro	basket|basketball|canestro|canestro da basket|palla|palla da pallacanestro|pallacanestro|pallone|pallone da basket|sport
🏁	bandiera a scacchi	bandiera|bandiera a scacchi|circuito|corsa|gara|podio|scacchi|sport|vittoria
🏂	persona sullo snowboard	inverno|montagna|neve|omino in snowboard|persona|persona sullo snowboard|snowboard|sport|tavola|uomo sullo snowboard
🏃	persona che corre	correre|corsa|di corsa|gara|jogging|maratona|persona|persona che corre|sport
🏄	persona che fa surf	mare|onde|persona|persona che fa surf|spiaggia|sport|surf|surfare|tavola
🏅	medaglia sportiva	campione|corsa|gara|medaglia|medaglia sportiva|podio|risultato sportivo|sport|vincere|vittoria
🏆	coppa	campione|coppa|premio|sport|trofeo|vincere|vincitore|vittoria
🏇	ippica	cavallo|cavallo da corsa|corse|fantino|galoppare|galoppo|ippica|sport|trotto
🏈	football americano	americano|football|palla|sport
🏉	pallone da rugby	palla|pallone|pallone da rugby|rugby|sport
🏊	persona che nuota	bracciata|gara|nuotare|nuotatore|nuoto|persona che nuota|sport|stile libero
🏏	cricket	cricket|gioco|mazza|palla|sport
🏐	palla da pallavolo	palla|palla da pallavolo|pallavolo|pallone|rete|sport|volley
🏑	hockey su prato	campo|hockey|hockey su prato|mazza|palla|partita|sport
🏒	hockey su ghiaccio	ghiaccio|giocare|hockey su ghiaccio|hockey sul ghiaccio|mazza|mazza da hockey|puck|sport
🏓	ping pong	giocare|gioco|pallina|ping pong|racchetta|rete|sport|tennis da tavolo|tennis tavolo
🏠	casa	abitazione|casa|casa di campagna|casetta|edificio|fattoria|villetta
🏡	casa con giardino	abitazione|casa|casa con giardino|casa di campagna|casetta|edificio|giardino|nido|villa|villetta
🏢	edificio	edificio|edificio di uffici|edifico di uffici|palazzo|ufficio
🏣	ufficio postale giapponese	edificio|giapponese|palazzo|posta|ufficio postale|ufficio postale giapponese
🏤	ufficio postale	edificio|europeo|posta|ufficio postale|ufficio postale europeo
🏥	ospedale	clinica|COVID|edificio|emergenza|infermiera|infermiere|malattia|medici|medicina|ospedale|pronto soccorso
🏦	banca	banca|denaro|edificio|finanza|mutuo|prelevare|soldi|wall street
🏧	simbolo dello sportello bancomat	ATM|banca|bancomat|denaro|prelevare|simbolo dello sportello bancomat|soldi|spiccioli
🏨	hotel	albergo|edificio|hotel|palazzo
🏩	love hotel	amore|edificio|hotel|love hotel|motel
🏪	minimarket	24 ore|autogrill|edificio|minimarket|negozio|negozio aperto 24 ore|supermercato
🏫	scuola	alunni|classe|classi|edificio|imparare|insegnante|liceo|maestra|scuola|università
🏬	grande magazzino	centro|commerciale|edificio|grande magazzino
🏭	fabbrica	azienda|ciminiera|edificio|fabbrica|industria|industriale|inquinamento|produzione|stabile
🏮	lanterna rossa	bar ristorante|cinese|giapponese|izakaya|lanterna|lanterna rossa|lanterne|luce|rosso
🏯	castello giapponese	asia|casa|castello|edificio|giappone|giapponese|palazzo
🏰	castello	castello|edificio|fiaba|fiabe|palazzo
🏴	bandiera nera	bandiera|bandiera che sventola|bandiera nera
🏸	badminton	badminton|giocare|gioco|racchetta|sport|volano
🏹	arco e freccia	arciere|arco|arco e freccia|cacciare|freccia|Sagittario|sport|tiratore d’arco|tiro con l’arco
🏺	anfora	acquario|anfora|ornamento|reperto|segno zodiacale|vaso
🐀	ratto	animale|animali|fogna|ratto|topastro|topo
🐁	topo	animale|animali|cavia|topo|Topo|topolino
🐂	bue	animale|animali|bovini|bovino|bue|domestico|fattoria|segno zodiacale del toro|toro
🐃	bufalo d’acqua	animale|animali|animali selvatici|bufalo|bufalo d’acqua
🐄	mucca	animale|animali|fattoria|latte|mucca|muu|vacca
🐅	tigre	animale|animali|felino|predatore|tigre
🐆	leopardo	animale|felino|leopardo|predatore|selvatico
🐇	coniglio	animale|animali|coniglietto|coniglio|domestico|fattoria
🐈	gatto	animale|cucciolo|domestico|gatta|gattina|gattino|miao|micino|micio
🐈‍⬛	gatto nero	animale|felino|gatto|halloween|miao|micio|nero|sfiga|sfortuna
🐉	drago	animale|animali|cinese|drago|dragone|fiaba|game of thrones|mitologia|trono di spade
🐊	coccodrillo	animale|coccodrillo|lacrime di coccodrillo|rettile|selvatico
🐋	balena	animale|animali|balena|cetaceo|mare|oceano
🐌	lumaca	animale|giardino|lentezza|lento|lumachina|lumacone|natura
🐍	serpente	animale|animali|biscia|bosco|foresta|pericolo|selvatico|serpe|serpente|vipera
🐎	cavallo	animale|cavallo|cavallo da corsa|corsa|corse|fattoria|galoppo|polo|ranch|trotto
🐏	montone	animale|animali|ariete|fattoria|montone|ovino|pecora|segno zodiacale dell’ariete
🐐	capra	animale|animali|capra|capricorno|fattoria|latte|segno zodiacale del capricorno
🐑	pecora	animale|beeh|campagna|contare le pecore|fattoria|lana|montone|morbido|notte|pecorella|pecorone|soffice
🐒	scimmia	animale|scimmietta|selvatico
🐓	gallo	alba|animale|animali|domestico|fattoria|galletto|gallo|mattino|uccello
🐔	gallina	animale|animali|fattoria|galletto|gallina|gallo|pollo|uccello
🐕	cane	abbaiare|animale|animale domestico|animali|cagnolino|cane|cucciolo
🐕‍🦺	cane da assistenza	accessibilità|animale|cane|cane d’assistenza|cane da assistenza|cane da salvataggio|cane di servizio|cane guida
🐖	maiale	animale|animali|fattoria|maiale|scrofa
🐗	cinghiale	animale|animali|bosco|cinghiale|faccina cinghiale|game of thones|maiale selvatico
🐘	elefante	animale|elefante|savana|selvatico
🐙	polpo	animale|animali|mare|oceano|polipo|polpo
🐚	conchiglia	animale|conchiglia|conchiglia a spirale|mare|oceano|spiaggia
🐛	insetto	animale|bruco|giardino|millepiedi
🐜	formica	animale|formica|formichina|insetto|lavorare
🐝	ape	animale|bombo|giardino|insetto|miele|natura|primavera|regina|vespa
🐞	coccinella	animale|fortuna|giardino|insetto|natura
🐟	pesce	animale|animali|mare|oceano|pesce|pesci|segno zodiacale dei Pesci
🐠	pesce tropicale	animale|animali|mare|oceano|pesce|pesce tropicale
🐡	pesce palla	animale|animali|mare|oceano|pesce|pesce palla|tropici
🐢	tartaruga	animale|animali|lenta|lentezza|lento|tartaruga
🐣	pulcino che nasce	animale|cucciolo|gallina|nascita|pulcino|schiudere|uccello|uovo|uovo che si schiude
🐤	pulcino	animale|animali|cucciolo|faccina pulcino|gallina|pulcino
🐥	pulcino visto di fronte	animale|baby shower|bambino|bebè|bimbo|cucciolo|fattoria|galletto|gallina|neonato|ornitologia|piccolo
🐦	uccello	animale|ornitologia|passerotto|uccellino
🐦‍⬛	merlo	animale|cornacchia|corvo|merlo|nero|uccello
🐦‍🔥	fenice	fantasia|fenice|immortale|mitologia|personaggio|reincarnazione|reinventarsi|rinascita|trasformazione|uccello di fuoco
🐧	pinguino	animale|antartico|ornitologia|polo sud|uccello
🐨	koala	animale|animali|Australia|faccina koala|koala|selvatico
🐩	barboncino	animale|cane|pelo|razza|soffice
🐪	dromedario	Africa|animale|animali|cammello|deserto|dromedario|gobba|gobbe|trasporto
🐫	cammello	animale|animali|cammello|deserto|due gobbe|gobba
🐬	delfino	animale|cetaceo|delfino|mare|oceano|spiaggia
🐭	muso di topo	animale|faccina|muso di topo|topo|topolino
🐮	muso di mucca	animale|animali|faccina|fattoria|mucca|muso di mucca|muu
🐯	muso di tigre	animale|animali|faccina|felino|muso di tigre|tigre
🐰	muso di coniglio	animale|animale domestico|animali|coniglietto|coniglio|faccina|muso di coniglio
🐱	muso di gatto	animale|animali|faccina|gatto|muso di gatto
🐲	testa di drago	animale|animali|drago|dragone|faccina|fiaba|testa di drago
🐳	balena che spruzza acqua	animale|animali|balena|balena che spruzza acqua|balenottera|cetaceo|mare|oceano|spruzzare
🐴	muso di cavallo	animale|campagna|cavallino|cowboy|dressage|equino|faccina|far west|fattoria|rampante
🐵	muso di scimmia	animale|faccina|scimmia|scimmietta
🐶	muso di cane	animale|cagnolino|cane|cucciolo|domestico|faccina
🐷	muso di maiale	animale|animali|faccina|fattoria|maiale|maialino|muso di maiale|natura|pancetta|porchetta
🐸	rana	animale|bosco|fiaba|lago|muso di rana|natura|principe|raganella|ranocchia|ranocchio|rospo|stagno
🐹	criceto	animale|animali|criceto|domestico|faccina|muso di criceto
🐺	lupo	animale|bosco|faccina|favola|fiaba|lupo mannaro|muso di lupo|selvatico
🐻	orso	animale|faccina|muso di orso|orsacchiotto|orsetto|orso
🐼	panda	animale|animali|bamboo|faccina|muso di panda|panda|WWF
🐽	naso da maiale	animale|animali|faccina|maiale|maialino|naso|naso da maiale
🐾	impronte di zampe	animale|cane|impronta|impronta di zampa|impronte|impronte di zampe|zampa|zampe|zampine
👀	occhi	corpo|faccia|guardare|occhi|osservare|vedere
👂	orecchio	ascoltare|ascolto|corpo|orecchie|orecchio|sentire|sento|ti ascolto|ti sto ascoltando
👃	naso	annusare|corpo|faccia|ficcanaso|fiutare|naso|odore|profumo
👄	bocca	bacio|bocca|corpo|faccia|labbra|rossetto|sexy|smack
👅	lingua	corpo|faccia|lingua|linguaccia|slurp
👆	indice alzato	dito|dito alzato|dito in su|dito indice|in alto|indice alzato|indice in su|mano|sù
👇	indice abbassato	dito|dito abbassato|dito in giù|dito indice|indicare|indice abbassato|indice in giù|mano|qui|sotto
👈	indice verso sinistra	direzione|dito|dito verso sinistra|indicare|indice|indice verso sinistra|là|mano|sinistra
👉	indice verso destra	a destra|destra|di là|dito|dito indice|dito verso destra|indicare|indice verso destra|mano
👊	pugno chiuso	d’accordo|mano|ok|patto|pugno|pugno chiuso|rock|sì
👋	mano che saluta	a dopo|ci sei?|ci vediamo|ciao|ciaone|gesto di saluto|mano|mano aperta|mano che saluta|salutare|schiaffo
👌	mano che fa OK	bene|capito|d’accordo|dito|gesto di ok|ho capito|indice e pollice|mano che fa OK|OK con la mano|segno di OK|va bene
👍	pollice in su	+1|bene|capito|certo|d’accordo|dito|mi piace|ok|perfetto|pollice in su|sì|va bene
👎	pollice verso	giù|in basso|mano|no|non mi piace|pollice|pollice abbassato|pollice in giù|pollice verso|segno
👏	mani che applaudono	applaudire|applauso|bravo|clap clap|complimenti|congratulazioni|mani che applaudono|ok|pregare|preghiera|segno|yeah
👐	mani aperte	abbracciare|abbraccio|accogliere|aperta|aperte|mani|mano|segno|segno delle mani aperte
👑	corona	abbigliamento|corona|famiglia reale|medioevo|principe|principessa|re|regale|regina|vincere
👒	cappello da donna	abbigliamento|abbigliamento donna|accessori|cappellino di paglia|cappello|cappello da donna|fiocco
👓	occhiali da vista	abbigliamento|nerd|occhiali|occhiali da vista
👔	cravatta	abbigliamento|abbigliamento uomo|camicia|camicia a righe|colletto|cravatta|vestiti da uomo
👕	t-shirt	abbigliamento|abbigliamento informale|casual|colletto|maglia|maglietta|maniche corte|polo|shopping|t-shirt
👖	jeans	abbigliamento|blu|casual|denim|jeans|pantaloni|vestiti
👗	vestito	abbigliamento|abito|donna|elegante|vestiti|vestito
👘	kimono	abbigliamento|giappone|kimono|vestito
👙	bikini	abbigliamento|bikini|costume|costume da bagno|costume due pezzi|estate|mare|piscina|spiaggia
👚	maglietta da donna	abbigliamento|donna|maglietta|maglietta da donna|maglietta rosa|polo|t-shirt|vestiti|vestiti da donna
👛	borsellino	abbigliamento|accessori|borsellino|borsetta|denaro|elegante|moneta|porta monete|portafogli|shopping|soldi
👜	borsa	abbigliamento|borsa|borsetta|shopping|valigia
👝	pochette	abbigliamento|accessori|borsa|borsetta|elegante|pochette
👞	scarpa da uomo	abbigliamento|accessori|mocassino|scarpa|scarpa da uomo|shopping|uomo
👟	scarpa sportiva	abbigliamento|accessori|correre|corsa|scarpa|scarpa da ginnastica|scarpa sportiva|scarpe|scarpe da corsa|scarpe da tennis|sneaker|tennis
👠	scarpa con il tacco	abbigliamento|decolleté|donna|moda|scarpa|scarpa con il tacco|stiletto|tacco
👡	sandalo da donna	abbigliamento|accessori|donna|sandalo|sandalo da donna|scarpa
👢	stivale da donna	abbigliamento|donna|scarpa|scarpe|stivale|stivale da donna|stivaletto
👣	impronta di piedi	camminare|corpo|impronta|impronta di piedi|impronte|passi|passo|piede|piedi|piedi nudi
👤	profilo di persona	busto|mistero|nascosto|ombra|persona|profilo|profilo di persona|sagoma|silhouette
👥	profilo di due persone	amici|due|due utenti|mistero|ombra|ombre|persona|persone|profili|profilo|profilo di due persone|silhouette
👦	bambino	bambino|bimbo|giovane|persona|persone|ragazzino|tenero
👧	bambina	bambina|bimba|bionda|codini|contenta|felice|persona|persone|ragazzina|treccine
👨	uomo	amico|biondo|fratello|maschio|papà|persona|persone|ragazzo|uomo
👨‍🌾	contadino	allevatore|campagna|cappello|contadino|fattoria|giardino|lavoro|uomo
👨‍🍳	cuoco	chef|cucina|cucinare|cuoco|lavoro|ristorante|uomo
👨‍🍼	uomo che allatta	allattamento|amore|babysitter|bebè|neonato|nutrire|padre|papà|persona|uomo|uomo che allatta
👨‍🎓	studente maschio	istruzione|laurea|laureato|maschio|ragazzo|studente|università|uomo
👨‍🎤	cantante uomo	attore|cantante|lavoro|musica|rock star|star|uomo|ziggy
👨‍🎨	artista uomo	arte|artista|dipingere|lavoro|pittore|uomo
👨‍🏫	professore	insegnante|insegnare|lavoro|maestro|professore|scuola|studio|uomo
👨‍🏭	operaio	fabbrica|industria|lavoro|operaio|saldatore|tuta blu|uomo
👨‍💻	tecnologo	computer|high tech|lavoro|programmatore|sviluppatore|tecnologia|tecnologo|uomo
👨‍💼	impiegato	architetto|business|impiegato|lavoro|manager|ufficio|uomo
👨‍🔧	meccanico uomo	chiave inglese|idraulico|lavoro|meccanico|operaio|tecnico specializzato|tuta blu|uomo
👨‍🔬	scienziato	biologia|biologo|camice|chimica|lavoro|scienza|scienziato|uomo
👨‍🚀	astronauta uomo	astronauta|astronauta maschio|lavoro|razzo|scienza|spazio|universo|uomo
👨‍🚒	pompiere uomo	fuoco|incendio|lavoro|pompiere|pompiere maschio|uomo|vigile del fuoco
👨‍🦯	uomo con bastone bianco di orientamento	accessibilità|cecità|cieco|ipovedente|ipovedenti|non vedente|non vedenti|persona|uomo|uomo con bastone bianco di orientamento|uomo con bastone per ciechi
👨‍🦼	uomo su sedia a rotelle motorizzata	accessibilità|disabile|persona|sedia a rotelle|uomo|uomo in carrozzina|uomo in sedia a rotelle|uomo su sedia a rotelle motorizzata
👨‍🦽	uomo su sedia a rotelle manuale	accessibilità|disabile|persona|uomo|uomo in carrozzina|uomo in sedia a rotelle|uomo su sedia a rotelle manuale
👩	donna	bionda|capelli|donna|femmina|persona|persone|ragazza|viso
👩‍🌾	contadina	allevatrice|campagna|cappello|contadina|donna|fattoria|giardino|lavoro
👩‍🍳	cuoca	chef|cucina|cucinare|cuoca|donna|lavoro|ristorante
👩‍🍼	donna che allatta	allattamento|amore|babysitter|bebè|donna|donna che allatta|madre|mamma|neonato|nutrire|persona
👩‍🎓	studentessa	donna|femmina|istruzione|laurea|laureata|ragazza|studente|studentessa|università
👩‍🎤	cantante donna	attrice|cantante|donna|lavoro|musica|rock star|star|ziggy
👩‍🎨	artista donna	arte|artista|dipingere|donna|lavoro|pennello|pittrice
👩‍🏫	professoressa	donna|insegnante|insegnare|lavoro|maestra|professoressa|scuola|studio
👩‍🏭	operaia	donna|fabbrica|industria|lavoro|operaia|saldatrice|tuta blu
👩‍💻	tecnologa	computer|donna|high tech|lavoro|programmatrice|sviluppatrice|tecnologa|tecnologia
👩‍💼	impiegata	architetto|business|donna|impiegata|lavoro|manager|ufficio
👩‍🔧	meccanico donna	chiave inglese|donna|idraulico|lavoro|meccanico|meccanico femmina|operaia|tecnico specializzato|tuta blu
👩‍🔬	scienziata	biologa|biologia|camice|chimica|donna|lavoro|scienza|scienziata
👩‍🚀	astronauta donna	astronauta|astronauta femmina|donna|lavoro|razzo|scienza|spazio
👩‍🚒	pompiere donna	donna|fuoco|incendio|lavoro|pompiere|pompiere femmina|vigile del fuoco
👩‍🦯	donna con bastone bianco di orientamento	accessibilità|cecità|cieca|donna|donna con bastone bianco di orientamento|donna con bastone per ciechi|donna non vedente|ipovedente|ipovedenti|non vedente|non vedenti|persona
👩‍🦼	donna su sedia a rotelle motorizzata	accessibilità|disabile|donna|donna in carrozzina|donna in sedia a rotelle|donna su sedia a rotelle motorizzata|persona|sedia a rotelle
👩‍🦽	donna su sedia a rotelle manuale	accessibilità|disabile|donna|donna in carrozzina|donna in sedia a rotelle|donna su sedia a rotelle manuale|persona|sedia a rotelle
👪	famiglia	bambino|famiglia|mamma|papà|persone
👫	uomo e donna che si tengono per mano	amore|coppia|donna e uomo|famiglia|innamorati|per mano|persone|tenersi per mano|uomo e donna che si tengono per mano|uomo e donna per mano
👬	due uomini che si tengono per mano	bff|compagni|coppia|due uomini che si tengono per mano|fidanzati|gemelli|innamorati|oroscopo|persone|tenersi per mano|uomo|zodiaco
👭	due donne che si tengono per mano	amiche|amicizia|bambine|bff|coppia|darsi la mano|due donne che si tengono per mano|legame|migliori amiche|persone|ragazze|sorelle
👮	agente di polizia	agente|arresto|controllo|fermo|polizia
👯	persone con orecchie da coniglio	amicizia|anima gemella|ballare|festa|orecchie da coniglio|party|persone con orecchie da coniglio|uguali
👰	persona con velo	abito|bianco|matrimonio|persona con velo|velo
👱	persona bionda	biondo|capelli biondi|persona|persona bionda
👲	uomo con zucchetto cinese	cappello|cinese|uomo|uomo con zucchetto|uomo con zucchetto cinese|zucchetto
👳	persona con turbante	persona|persona con turbante|turbante
👴	uomo anziano	anziano|capelli|nonnino|nonno|pelato|perdere i capelli|persona|persone|saggio|uomo|vecchietto|vecchio
👵	donna anziana	anziana|capelli|capelli bianchi|donna|nonna|nonnina|persone|saggezza|saggia|signora|vecchia|vecchietta
👶	neonato	bambino|bebè|faccia|famiglia|figlio|giovane|neonato|persone|piccolo
👷	operaio edile	casco|costruire|costruzioni|edile|ingegnere|lavoratore|muratore|operaio|tuta blu|uomo
👸	principessa	comandare|corona|donna|favola|fiaba|monarca|principessa|reale|regina|sovrana
👹	orco	creature|diavolo|faccina|favola|fiaba|finzione|maschera|mostro|orco|paura
👺	goblin	arrabbiato|carnevale|cattivo|crudele|diavolo|favola|fiaba|folletto|goblin|malefico|mostro
👻	fantasma	creatura|fantasmino|favola|fiaba|halloween|horror|mostro|paura|scherzetto|scherzo|sciocco|storie di fantasmi|stregare|stregato|terrore
👼	angioletto	angelo|angioletto|bambina|bambino|bimba|bimbo|chiesa|faccina|favola|fiaba|persona|santo
👽	alieno	alieno|ET|extraterrestre|faccina|favola|marziani|mostro|spazio|UFO
👾	mostro alieno	alieno|arcade|creatura|faccina|faccina viola|favola|GIF|mostro|pixel|UFO|video gioco|videogioco
👿	faccina arrabbiata con corna	arrabbiato|diavoletto|diavolo|diavolo viola|faccina|faccina arrabbiata con corna|scontento
💀	teschio	cranio|favola|morte|mostro|ossa|pericolo|stanco morto|teschio|umorismo nero|yolo
💁	persona con mano capovolta	aiuto|capovolgere la mano|gesto con i capelli|gossip|informazioni|mano|mano all’insù|pettegolezzo|sarcasmo|sfacciataggine|sul serio
💂	guardia	buckingham palace|guardia|guardia reale|lavoro|londra|sentinella|turno di guardia|uomo
💃	donna che balla	ballare|ballerina|ballo|donna|donna che balla|flamenco|lavoro|olé|salsa|tango
💄	rossetto	appuntamento|bellezza|cosmetici|make up|makeup|rossetto|rosso|serata|trucco
💅	smalto per unghie	cosmetici|make up|manicure|noia|smalto|smalto per unghie|spa|unghie|unghie con smalto
💆	persona che riceve un massaggio	centro estetico|estetista|faccia|mal di testa|massaggio|massaggio facciale|persona che riceve un massaggio|relax|spa|testa
💇	taglio di capelli	acconciatura|bellezza|capelli|parrucchiera|parrucchiere|persona|salone|salone di bellezza|tagliare|taglio|taglio di capelli
💈	barbiere	barbiere|insegna
💉	siringa	ago|dottore|iniezione|malato|medicina|medico|ospedale|puntura|sangue|siringa|vaccinazione|vaccino
💊	pillola	dottore|farmaco|malato|malattia|medicina|pillola|pillole|vitaminca
💋	impronta della bocca	bacio|impronta della bocca|labbra|romanticismo|romantico|rossetto|segno delle labbra|sexy
💌	lettera d’amore	busta|busta con cuore|c’è posta per te|cuore|inviare|lettera|lettera d’amore|posta|ricevere|romanticismo|san valentino
💍	anello	brillante|diamante|fidanzamento|fidanzarsi|fidanzata|fidanzato|gioielli|gioiello|matrimonio|romanticismo undefined
💎	gemma	diamante|fidanzamento|gemma|gioiello|per sempre|pietra preziosa|romanticismo|romantico|soldi
💏	bacio tra coppia	amore|appuntamento|baciarsi|bacio|bacio tra coppia|coppia|coppietta|fidanzati|persone|romanticismo|romantico
💐	mazzo di fiori	anniversario|appuntamento|bouquet|compleanno|fioraio|fiore|fiori|natura|regalo|romanticismo|romantico
💑	coppia con cuore	amore|anniversario|bacio|coppia|coppia con cuore|cuore|innamorati|insieme|persone|romanticismo
💒	chiesa per matrimonio	amore|cappella|chiesa|chiesa per matrimonio|matrimonio|nozze|religione|romanticismo|sposarsi
💓	cuore che batte	amore|battito|cuore|cuore che batte|cuore rosa|emozione|pulsazione
💔	cuore infranto	amore|amore finito|cuore|emozione|infranto|spezzato|triste
💕	due cuori	amare|amore|anniversario|appuntamento|baci|cuori|due cuori|emozione|flirt|innamorato|romantico|rosa
💖	cuore che luccica	amore|cuore|cuore che luccica|cuore rosa|emozionato|emozione|innamorata|innamorato|luccicare|luccichio
💗	cuore che cresce	amore|battito|cuore|cuore che batte|cuore che cresce|cuore che pulsa|cuore rosa|emozionato|emozione|nervoso
💘	cuore con freccia	amore|appuntamento|cuore con freccia|cupido|emozione|emozioni|freccia|innamorarsi|innamorati|romantico|rosa|san valentino
💙	cuore blu	amore|azzurro|blu|cuore|emozione
💚	cuore verde	amore|cuore|emozione|verde
💛	cuore giallo	amore|cuore|emozione|giallo|innamorato
💜	cuore viola	amore|cuore|emozione|viola
💝	cuore con fiocco	amore|cuore|cuore con fiocco|cuore rosa|cuore rosa con fiocco|emozione|fiocco|regalo|romantico|San Valentino
💞	cuori che girano	adorabile|amore|appuntamento|carino|cuori che girano|cuoricini|cuoricino|emozione|girare
💟	decorazione con cuore	amore|cuore|cuore bianco|cuore nel quadrato|cuore viola|cuoricino|decorazione con cuore|san valentino|ti amo
💠	petalo di fiore	carino|decorazione|diamante|emozione|fiore|forma di diamante|geometria|petalo di fiore
💡	lampadina	brillante|elettrica|elettricità|eureka|fumetto|geniale|idea|lampadina|luce
💢	rabbia	arrabbiato|emozione|fumetto|rabbia|simbolo
💣	bomba	bomba|boom|emozione|esplosione|fumetto|pericolo
💤	sonno	dormire|dormita|fumetto|ho sonno|pisolino|russare|sonnellino|sonno|stanco|Zzz
💥	collisione	bomba|boom|collisione|emozione|esplodere|esplosione|fumetto|simbolo collisione
💦	gocce di sudore	acqua|allenamento|fumetto|gocce|gocciolare|schizzo|sudata|sudato|sudore
💧	goccia	acqua|freddo|fumetto|goccia|lacrima|natura|sudore|triste
💨	nuvola di polvere	andare|correre|emozione|fuga|fumetto|fumo|nuvola di polvere|scappare|soffio|vento
💩	cacca	buona fortuna|cacca|fortuna|fortunato|popò|pupù|puzza
💪	bicipite	bicipite|bodybuilding|braccio piegato|corpo|forte|forza|fumetto|muscolo|palestra|pesi|sollevamento|teso
💫	stella con scia	fumetto|stella cadente|stella con scia|vertiginoso|vorticoso
💬	fumetto	dialogo|fumetto|mmm|nuvoletta|parlare|puntini|sospensione|sta scrivendo|sto scrivendo|testo
💭	nuvoletta	fumetto|idea|inventare|nuvola|pensare|realizzare|riflettere|sognare a occhi aperti
💮	fiore bianco	fiore|fiore bianco|fiorellino|simbolo ben fatto
💯	100 punti	100|cento|d’accordo|massimo|punteggio|punteggio pieno|punti|sicuro|tutto
💰	sacco di soldi	banca|borsa|contanti|denaro|dollari|oro|pagare|ricchezza|ricco|sacco per soldi|soldi|tesoro
💱	cambio valuta	banca|cambio|cambio di valuta|denaro|finanza|mercati|mercato|soldi|valuta
💲	Dollaro	cash|contanti|denaro|dollaro|pagare|simbolo del dollaro|soldi|valuta
💳	carta di credito	addebito|banca|carta|carta di credito|credito|denaro|pagare|soldi
💴	banconota Yen	banca|banconota|denaro|Giappone|soldi|valuta|Yen
💵	banconota Dollaro	banca|banconota|banconote|contanti|denaro|Dollaro|moneta|soldi|valuta
💶	banconota Euro	banca|banconota|cash|crisi|denaro|Euro|millionario|soldi|valuta
💷	banconota Sterlina	banconote|brexit|cash|denaro|Gran Bretagna|millionario|pound|ricco|soldi|Sterlina|UK|valuta
💸	soldi con le ali	banconota|banconota con le ali|soldi|soldi che volano|soldi con le ali
💹	grafico ascendente	ascendente|banca|crescita|finanza|grafico yen in rialzo|in rialzo|mercati|mercato in salita|rialzo|trend|valute|yen
💺	sedile	sedia|sedile
💻	computer portatile	computer|notebook|PC|personal|portatile
💼	valigetta 24 ore	24 ore|borsa|documenti|lavoro|porta documenti|ufficio|valigetta|valigetta 24 ore
💽	minidisc	CD|computer|disc|disco|lettore|MD|mini disc|minidisc
💾	floppy disc	computer|disc|dischetto|floppy
💿	disco ottico	blu-ray|CD|computer|disco|disco ottico|DVD
📀	DVD	blu ray|blu-ray|computer|computer disk|disco|DVD
📁	cartella file	archiviare|archivio|cartella|computer|file|ufficio
📂	cartella aperta	aperta|cartella|file
📃	pagina con piega	carta|documento|lettera|pagina|pagina arricciata|pagina con piega|ufficio
📄	pagina	carta|di fronte|documento|fronte|lettera|pagina|pagina di fronte|ufficio
📅	calendario	17|calendario|data|diciasette|giorno|ricorrenza|sfortuna|venerdì 17
📆	calendario a strappo	calendario|calendario a strappo|quando|tempo|venerdì 17
📇	schedario	contatti|rolodex|Rolodex|schedario|schedario girevole|schedario rotante|ufficio|vintage
📈	grafico con andamento positivo	andamento ascendente|ascendente|aumentare|aumento|crescere|crescita|finanza|grafico|grafico con andamento positivo|linea|trend
📉	grafico con andamento negativo	andamento discendente|calo|crisi|discendente|economia|finanza|grafico|grafico con andamento negativo|trend
📊	grafico a barre	barre|dati|grafico|grafico a barre|statistica
📋	portablocco	appunti|blocco|blocco note|cartella|portablocco|tavoletta
📌	puntina	collage|puntina|puntina da disegno|scuola|ufficio
📍	puntina arrotondata	località|mappa|pin|posizione|puntina|puntina arrotondata|puntina da disegno|spillo|ufficio
📎	graffetta	clippy|fermaglio|graffa|graffetta|paperclip|ufficio
📏	righello	geometria|matematica|misurare|riga|righello|scuola|strumento|studiare
📐	squadra	angoli|geometria|matematica|misurare|righello|scuola|squadra|triangolo
📑	etichette segnalibro	etichette segnalibro|linguette|segnalibro|ufficio
📒	quaderno ad anelli	annotazioni|appunti|blocco|block notes|libro mastro|note|quaderno|quaderno ad anelli|registro|registro scolastico|scuola|taccuino
📓	quaderno	appunti|biblioteca|libreria|libro|libro grigio|prendere nota|quaderno|taccuino|ufficio
📔	quaderno con copertina decorata	album|album delle foto|compiti|copertina|fotoalbum|quaderno con copertina decorata|scuola|taccuino|taccuino con decorazione|taccuino copertina decorata|taccuino decorato|università
📕	libro chiuso	biblioteca|istruzione|leggere|libreria|libro|libro chiuso|rosso|scuola|studiare|università
📖	libro aperto	compiti|istruzione|leggere|libreria|libro|libro aperto|romanzo|scuola
📗	libro verde	biblioteca|compiti|istruzione|libreria|libro|libro verde|quaderno|scuola
📘	libro blu	biblioteca|compiti|istruzione|leggere|libreria|libro|libro blu|quaderno|quaderno blu|scuola|studiare
📙	libro arancione	biblioteca|compiti|istruzione|leggere|libreria|libro|libro arancione|quaderno|scuola|studiare
📚	libri	biblioteca|compiti|doposcuola|leggere|libreria|libri|pila di libri|quaderni|romanzi|scuola|studiare|università
📛	tesserino per nome	badge|etichetta|etichetta a tulipano|giappone|giapponese|nome|tesserino|tesserino per nome|tulipano
📜	pergamena	decreto|documento|laurea|lettera|mappa|pergamena|rotolo|rotolo di carta
📝	memo	appunti|blocco note|block notes|comunicazione|matita|memo|nota|scrivere|taccuino
📞	cornetta	chiamami|chiamare|comunicazione|cornetta|cornetta del telefono|fisso|telefonare|telefono|ti chiamo|ti richiamo
📟	cercapersone	cercapersone|comunicazione|lavoro
📠	fax	computer|comunicazione|fax|periferiche|stampante|ufficio
📡	antenna satellitare	antenna|antenna parabolica|antenne paraboliche|antenne satellitari|comunicazione|parabola|satellitare|satellite|scienza|scienze|tecnologia
📢	altoparlante	audio|comunicazione|megafono|parlare in pubblico|speaker|suono|volume
📣	megafono	altoparlante|altoparlanti|comunicazione|megafoni|megafono|parlare|suono|tifare|tifo|urlare
📤	posta inviata	comunicazione|in uscita|inviata|posta|posta in uscita|vaschetta
📥	posta ricevuta	comunicazione|email|in arrivo|posta|posta in arrivo|ricevuta|vaschetta
📦	pacco	cartone|collo|consegna|pacco|scatola|scatolone|spedizione
📧	e-mail	busta|comunicazione|e-mail|email|inviare|lettera|mail|posta|posta elettronica|ricevere
📨	posta in arrivo	busta|comunicazione|consegna|consegnare|e-mail|email|in arrivo|lettera|mail|posta|posta in arrivo|posta ricevuta
📩	posta in uscita	busta|busta con freccia|comunicazione|email|in uscita|lettera|mail|posta|posta in uscita|posta inviata
📪	cassetta postale chiusa bandierina abbassata	bandierina|buca delle lettere|casella postale|cassetta postale|cassetta postale chiusa bandierina abbassata|cassetta postale chiusa bandierina giù|chiusa|email|inviare|mail|posta|ricevere
📫	cassetta postale chiusa bandierina alzata	bandierina|buca delle lettere|cassetta postale|cassetta postale chiusa bandierina alzata|cassetta postale chiusa bandierina su|chiusa|comunicazione|email|inviare|mail|posta|ricevere
📬	cassetta postale aperta bandierina alzata	aperta|bandierina|buca delle lettere|cassetta postale|cassetta postale aperta bandierina alzata|cassetta postale aperta bandierina su|mail|posta
📭	cassetta postale aperta bandierina abbassata	aperta|bandierina|buca delle lettere|cassetta postale|cassetta postale aperta bandierina abbassata|cassetta postale aperta bandierina giù|cassetta postale con bandierina abbassata|consegna|inviare|mail|posta|ricevere
📮	cassetta delle lettere	buca delle lettere|c’è posta per te|cassetta delle lettere|inviare|lettera|posta|poste|ricevere|spedire
📯	corno postale	cornetta da postiglione|cornetto postale|corno|nuovo messaggio|postale|tromba|trombone
📰	quotidiano	giornale|notizia|quotidiano
📱	telefono cellulare	cellulare|chiamare|comunicare|smartphone|telefono
📲	telefono cellulare con freccia	cellulare|cellulare con freccia|chiamami|chiamare|ricevere|smartphone|telefonare|telefono|telefono cellulare con freccia
📳	modalità vibrazione	cellulare|modalità telefono|modalità vibrazione|telefono|telefono modalità
📴	cellulare spento	cellulare|off|simbolo|spento|telefono
📵	simbolo che vieta l’uso dei cellulari	cellulari vietati|divieto|niente cellulare|no cellulare|no telefono|proibito|segnale|segno|simbolo|simbolo che vieta l’uso dei cellulari|telefono|vietato telefonare
📶	segnale cellulare	antenna|antenna con tacche intensità segnale|cellulare|segnale|tacche|telefono
📷	fotocamera	foto|fotocamera|fotografare|instagram|macchina fotografica|ricordi|scattare foto|selfie|viaggiare|video
📸	fotocamera con flash	flash|foto con flash|fotocamera|fotocamera con flash|fotografare|macchina fotografica|macchina fotografica con flash|ricordi|scattare foto|selfie
📹	videocamera	attore|attrice|camera|film|filmare|filmino|fotocamera|regista|registrare|telecamera|video|videocamera
📺	televisore	arredamento|televisione|televisore|TV
📻	radio	ascoltare|ascoltare la radio|musica|radio|stazioni radio
📼	videocassetta	cassetta|registrare|VHS|video|videocassetta|vintage
📿	collana da preghiera	grani|perle|pregare|religione
🔀	pulsante di riproduzione casuale	frecce|frecce incrociate|frecce incrociate verso destra|pulsante di riproduzione casuale|shuffle
🔁	pulsante di ripetizione della riproduzione	frecce|frecce a cerchio|frecce senso orario|freccia|orario|pulsante|pulsante di ripetizione della riproduzione|senso orario|simbolo|tasto
🔂	pulsante di ripetizione della riproduzione di una traccia	frecce|frecce a cerchio numero 1|frecce senso orario|frecce senso orario numero 1|pulsante di ripetizione della riproduzione di una traccia|ripeti|ripetizione|senso orario
🔃	frecce verticali che ruotano in senso orario	ciclo|circolo|frecce|frecce a cerchio verticali|frecce verticali che ruotano in senso orario|frecce verticali senso orario|orario|processo|ricarica|ricaricare|senso orario|simbolo
🔄	frecce che ruotano in senso antiorario	antiorario|circolo|di nuovo|frecce|frecce a cerchio aperto|frecce che ruotano in senso antiorario|frecce senso antiorario|ricarica|ricaricare|simbolo
🔅	luminosità bassa	bassa|faretto|faro|luce|luminosità|simbolo luminosità|sole|tenue
🔆	luminosità elevata	alta luminosità|luminosità|luminosità elevata|luminoso|simbolo alta luminosità|sole
🔇	altoparlante disattivato	altoparlante barrato|audio|megafono barrato|musica|muto|no audio|no volume|silenzioso|speaker barrato|suono disattivato|volume|zitto
🔈	altoparlante a volume basso	altoparlante a basso volume|altoparlante a volume basso|altoparlante attivato|audio|basso volume|megafono|speaker|suoneria|suono|suono attivo|volume|volume basso
🔉	altoparlante a volume intermedio	altoparlante a volume intermedio|altoparlante volume basso|audio|basso|megafono|speaker|suono|volume basso|volume intermedio|volume medio
🔊	altoparlante a volume alto	alto|altoparlante a volume alto|audio|megafono|musica|speaker|suono|volume
🔋	batteria	autonomia|batteria|batteria scarica|carica|pila|ricaricare|verde
🔌	spina elettrica	elettrica|elettricista|elettricità|presa elettrica|spina
🔍	lente di ingrandimento rivolta a sinistra	cerca|cercare|investigare|lente|lente d’ingrandimento|lente di ingrandimento rivolta a sinistra|lente ingrandimento|lente ingrandimento verso sinistra|verso sinistra
🔎	lente di ingrandimento rivolta a destra	cercare|investigare|investigatore|lente|lente di ingrandimento rivolta a destra|lente ingrandimento|lente ingrandimento verso destra|ricerca|spia|spiare|trovare
🔏	lucchetto con penna stilo	lucchetto|lucchetto con penna stilo|penna stilografica|privacy|stilo|stilografica
🔐	lucchetto chiuso con chiave	chiave|chiuso a chiave|lucchetto|lucchetto chiuso|lucchetto chiuso a chave|lucchetto chiuso con chiave|segreto|sicurezza|sicuro
🔑	chiave	casa|chiave|lucchetto|password|segreto|sicuro
🔒	lucchetto chiuso	chiuso|chiuso a chiave|lucchetto|segreto|sicurezza
🔓	lucchetto aperto	aperto|chiuso|lucchetto|segreto|sicurezza
🔔	campana	campana|campanella|campanello|chiesa|musica|scuola|stonato|suono
🔕	campana sbarrata	audio|campana|campana sbarrata|divieto|muto|silenzio|suono|volume
🔖	segnalibro	etichetta|leggere|lettura|libro|segnalibro
🔗	collegamento	collegamento|due anelli|link|simbolo link
🔘	pulsante rotondo	campanello|cerchio|geometria|opzione|pulsante|pulsante della radio|pulsante rotondo
🔙	freccia BACK	back|freccia|freccia verso sinistra|indietro|indietro con freccia verso sinistra
🔚	freccia END	end|end con freccia verso sinistra|fine|freccia|freccia a sinistra|freccia verso sinistra
🔛	freccia ON	frecce|freccia|ON|ON con freccia e punto esclamativo|punto esclamativo|simbolo
🔜	freccia SOON	brb|freccia|freccia nera|presto|simbolo|soon|soon con freccia verso destra|tra poco|un attimo
🔝	freccia TOP	alto|freccia in alto|freccia TOP|freccia verso l’alto|simbolo Top|Top|Top con freccia verso l’alto
🔞	simbolo di divieto ai minorenni	18|18 sbarrato|divieto|divieto ai minori|minori|proibito|simbolo di divieto ai minorenni|vietato|vietato ai minori|vietato ai minori di 18|vietato ai minori di anni 18
🔠	pulsante con lettere latine maiuscole	abcd|caratteri latini|inserire|lettere|maiuscole|pulsante|pulsante con lettere latine maiuscole|tasto
🔡	pulsante con lettere latine minuscole	caratteri latini|inserire|lettere|minuscole|pulsante|pulsante con lettere latine minuscole|tasto
🔢	pulsante con numeri	1234|inserire|numeri|pulsante con numeri|tastierino numerico
🔣	pulsante con simboli	inserire|pulsante con simboli|simboli|tastiera|tastierino simboli
🔤	pulsante con lettere latine	ABC|alfabeto|caratteri alfabetici|inglese|inserire|lettere|pulsante|pulsante con lettere latine|tasto
🔥	fuoco	bruciare|caldo|calore|esplosione|falò|fiamma|fiamme|fuoco|inferno|passione
🔦	torcia	elettrica|luce|pila|torcia
🔧	chiave inglese	attrezzo|chiave|diy|fai da te|idraulico|inglese|lavoro|meccanico|utensile
🔨	martello	attrezzo|bricolage|falegname|lavoro|martello|meccanico|muratore|operaio|riparare|riparazioni|utensile
🔩	vite e bullone	attrezzo|bricolage|bullonare|bullone|dado|fai da te|fissare|lavori di casa|lavoro
🔪	coltello da cucina	arma|chef|coltello|coltello da cucina|cucina|fame|posate
🔫	pistola ad acqua	arma|pistola|pistola ad acqua|revolver|sparare
🔬	microscopio	analisi|esperimento|microrganismo|microscopio|ricerca|scienza|scienziata|scienziato|strumento
🔭	telescopio	astronomia|corpi celesti|costellazioni|galileo galilei|osservatorio|osservazione delle stelle|scientifico|scienza|spazio|stelle|telescopio|universo
🔮	sfera di cristallo	chiaroveggenza|chiromanzia|cristallo|futuro|magia|sfera|sfera di cristallo|sfera viola
🔯	stella a sei punte	chiromanzia|futuro|sei punte|stella|stella a sei punte
🔰	ideogramma giapponese di “Principiante”	etichetta gialla e verde principiante|gallone|giallo|ideogramma giapponese di “Principiante”|patente|principiante|simbolo principiante Giappone|verde|zig zag
🔱	tridente	ancora|barca|dio del mare|favola|fiaba|marino|naufragio|nave|oceano|poseidone|simbolo|tridente
🔲	tasto quadrato bianco con bordo nero	geometria|pulsante|pulsante quadrato pieno|quadrato|quadrato nero|simbolo|tasto|tasto quadrato bianco con bordo nero
🔳	tasto quadrato nero con bordo bianco	contorno|geometria|pulsante|pulsante quadrato con contorno|tasto quadrato nero con bordo bianco
🔴	cerchio rosso	cerchio|cerchio rosso grande|geometria|rosso|stop
🔵	cerchio blu	blu|cerchio|geometria|grande
🔶	rombo arancione grande	arancione|forma|geometria|grande|quadrato|rombo
🔷	rombo blu grande	blu|diamante|grande|rombo
🔸	rombo arancione piccolo	arancione|piccolo|rombo
🔹	rombo blu piccolo	blu|piccolo|rombo
🔺	triangolo rosso con punta verso l’alto	alto|forma|geometria|rosso|triangolo|triangolo rosso con punta verso l’alto|triangolo rosso punta in alto
🔻	triangolo rosso con punta verso il basso	basso|geometria|rosso|triangolo|triangolo rosso con punta verso il basso|triangolo rosso punta in basso
🔼	pulsante a triangolo rivolto verso l’alto	alto|in alto|pulsante|pulsante a triangolo rivolto verso l’alto|tasto|triangolo
🔽	pulsante a triangolo rivolto verso il basso	basso|in basso|in giù|pulsante|pulsante a triangolo rivolto verso il basso|tasto|triangolo|triangolo con punta in basso|triangolo in basso
🕋	Kaaba	Arabia Saudita|Islam|islamismo|Islamismo|Kaaba|La Mecca|musulmana|musulmani|musulmano|religione
🕌	moschea	islam|islamismo|Islamismo|moschea|musulmani|musulmano|pregare|preghiera|religione
🕍	sinagoga	ebraismo|Ebraismo|religione|sinagoga|tempio ebraico
🕎	Menorah	candelabro|Ebraismo|Menorah|religione|sette bracci
🕐	ore una	1:00|13:00|ora|ore una|orologio|tempo
🕑	ore due	14:00|2:00|ore due|orologio|tempo
🕒	ore tre	15:00|3:00|ora|ore tre|orologio|tempo
🕓	ore quattro	16:00|4:00|ora|ore quattro|orologio|quattro|tempo
🕔	ore cinque	17:00|5:00|ora|ore cinque|orologio|tempo
🕕	ore sei	18:00|6:00|ora|ore sei|orologio|tempo
🕖	ore sette	19:00|7:00|ora|ore sette|orologio|tempo
🕗	ore otto	20:00|8:00|ore otto|orologio|otto
🕘	ore nove	21:00|9:00|ora|ore nove|orologio|tempo
🕙	ore dieci	10:00|22:00|ora|ore dieci|orologio|tempo
🕚	ore undici	11:00|23:00|ore undici|orologio|undici
🕛	ore dodici	12:00|mezzanotte|mezzogiorno|ora|ore dodici|orologio|tempo
🕜	ore una e mezza	1:30|13:30|ora|ore una e mezza|orologio|tempo
🕝	ore due e mezza	14:30|2:30|due e mezza|ore due e mezza|orologio
🕞	ore tre e mezza	15:00|3:30|ore tre e mezza|orologio|tre e mezza
🕟	ore quattro e mezza	16:30|4:30|ora|ore quattro e mezza|orologio|tempo
🕠	ore cinque e mezza	17:30|5:30|ora|ore cinque e mezza|orologio|tempo
🕡	ore sei e mezza	18:30|6:30|ora|ore sei e mezza|orologio|tempo
🕢	ore sette e mezza	19:30|7:30|ora|ore sette e mezza|orologio|tempo
🕣	ore otto e mezza	20:30|8:30|ora|ore otto e mezza|orologio|otto e mezza|tempo
🕤	ore nove e mezza	21:30|9:30|nove e mezza|ora|ore nove e mezza|orologio
🕥	ore dieci e mezza	10:30|22:30|ora|ore dieci e mezza|orologio|tempo
🕦	ore undici e mezza	11:30|23:30|ora|ore undici e mezza|orologio|tempo
🕧	ore dodici e mezza	12:30|mezzanotte e mezza|mezzogiorno e mezza|ora|ore dodici e mezza|tempo
🕺	uomo che balla	ballare|ballo|disco|discoteca|lavoro|uomo|uomo che balla
🖕	dito medio	dita|dito|dito medio|insulto|mano|offendere|volgare
🖖	saluto vulcaniano	mano|mano aperta|mano di Spock|saluto|saluto vulcaniano|Spock
🖤	cuore nero	crudele|cuore|dolore|nero|tristezza
🗻	Monte Fuji	Fuji|Giappone|montagna|monte|natura|paesaggio
🗼	Torre di Tokyo	architettura|città|Giappone|Tokyo|Tokyo Tower|torre|Torre di Tokyo|torre rossa
🗽	Statua della Libertà	america|libertà|new york|simbolo|statua|Statua della Libertà
🗾	mappa del Giappone	Giappone|mappa|mappa del Giappone|Mappa del Giappone
🗿	Moai	faccia|Isola di Pasqua|Moai|Moyai|pietra|statua|statua dell’Isola di Pasqua|storia|vacanza|viaggiare
😀	faccina con un gran sorriso	allegria|allegro|denti|faccina con un gran sorriso|felice|molto felice|risata|sogghignare|sogghigno|sorriso
😁	faccina raggiante con occhi felici	denti|faccina|faccina che ride|faccina che sogghigna|faccina raggiante con occhi felici|molto felice|occhi felici|risata|sogghignare|sogghigno|sogghigno con occhi felici|sorriso
😂	faccina con lacrime di gioia	ahahaha|che ridere|contentissimo|contento|faccina|faccina che piange dal ridere|felice|felicissimo|felicità|gioia|lacrima|lacrime di gioia|lol|piangere dal ridere|ridere|risata|rofl
😃	faccina con sorriso e occhi spalancati	bocca aperta|che bello|contento|denti|evvai|faccina con un gran sorriso e occhi spalancati|felice|felicità|ottimo|ridere|risata|sorridente|sorridere|sorriso a bocca aperta|urrà
😄	faccina con sorriso e occhi sorridenti	a crepapelle|bene|bocca aperta|faccina che ride|faccina con un gran sorriso e occhi sorridenti|faccina felice|felicità|occhi felici|ridere|risata|sorriso|sorriso a bocca aperta
😅	faccina con sorriso e goccia di sudore	emozionato|faccina con un gran sorriso e goccia di sudore|felice|goccia|nervoso|sollevato|sollievo|sorriso con goccia di sudore|stressato|sudore|teso
😆	sorriso a bocca aperta con occhi chiusi	ahahah|bocca aperta|faccina felice|faccina sorridente|felicissimo|lol|occhi chiusi|ridere|risata|sorridente|sorriso a bocca aperta con occhi chiusi
😇	faccina con sorriso e aureola	angelo|angioletto|aureola|faccina sorridente con aureola|innocente|santarellino|santo|sorriso con aureola|spirito
😈	faccina con sorriso e corna	arrabbiato|corna|diavolo|faccina|faccina con sorriso e corna|faccina viola|sorriso|sorriso con corna
😉	faccina che fa l’occhiolino	capirsi|faccina|faccina che fa l’occhiolino|fare l’occhiolino|flirtare|intesa|occhio|occhiolino|sexy|strizzare l’occhio
😊	faccina con occhi sorridenti	arrossire|bocca|faccina|faccina con occhi sorridenti|felice|felicità|imbarazzato|occhi|occhi sorridenti|sorriso|timido
😋	faccina che si lecca i baffi	buonissimo|buono|che buono|cibo delizioso|faccina che si lecca i baffi|gnam|golosa|goloso|leccarsi i baffi|slurp
😌	faccina sollevata	faccina|faccina con sorriso|pace|sollevato|sollievo|tranquillità|tranquillo|zen
😍	faccina con sorriso e occhi a cuore	amore|cuore|faccina|faccina con sorriso e occhi a cuore|innamorato|occhi|occhi a cuore|romantico|sorriso|sorriso con occhi a cuore
😎	faccina con sorriso e occhiali da sole	cool|fighetto|figo|ganzo|luce|relax|soleggiato|spensierato|vacanza
😏	faccina con sorrisetto	ammiccante|bocca|faccia|faccina con sorrisetto|flirtare|furbetto|malizioso|mmm|non ci credo|occhiolino|sopracciglia|sorrisetto|sospetto|sospettoso
😐	faccina neutra	ah|imbarazzato|imbarazzo|impassibile|mmm|neutro|no comment|non fa ridere|non rido|oh|senza espressione|senza parole|uh
😑	faccina inespressiva	brutto|cattivo|come no|faccina|inespressiva|male|neutro|niente commenti|no comment|strano
😒	faccina contrariata	che barba|contrariato|deluso|faccina|indifferente|infelice|triste|uff|uffa|ugh|wtf
😓	faccina abbattuta sudata	ci è mancato poco|delusione|faccina|faccina abbattuta sudata|faccina sudata|goccia|malato|sudore|triste
😔	faccina pensierosa	mai una gioia|male|mi dispiace|morire|no|peccato|pensieroso|perdere|persa|purtroppo|scoraggiato|triste
😕	faccina confusa	confuso|deluso|faccina|forse|non so|peccato|triste|uffa
😖	faccina frustrata	arrabbiato|concentrato|confuso|doh|faccia|faccina|frustrato|scontento|stressato|triste|uffa
😗	faccina che bacia	appuntamento|bacio|bocca|buona notte|faccina che manda bacio|flirt|sbaciucchiare
😘	faccina che manda un bacio	amore|bacetti|bacini|buona notte|cuore|faccina che manda baci|innamorato|mandare baci|mi manchi|smack|ti amo|ti voglio bene
😙	faccina che bacia con occhi sorridenti	appuntamento|bacetti|buona notte|faccina che manda baci|occhi chiusi|occhi sorridenti|sorriso
😚	faccina che bacia con occhi chiusi	amore|bacetti|bacio a occhi chiusi|buona notte|faccina|faccina che bacia con occhi chiusi|occhi chiusi|ti amo|ti voglio bene|tvb
😛	faccina che mostra la lingua	bello|faccina|faccina che fa la linguaccia|faccina che mostra la lingua|faccina con lingua fuori|fantastico|lingua|lingua fuori|linguaccia
😜	faccina che fa l’occhiolino e mostra la lingua	barzelletta|divertente|faccina che fa l’occhiolino e mostra la lingua|lingua fuori con occhiolino|linguaccia con occhiolino|occhiolino|pazzerello|pazzo|scherzo|sto scherzando|strano|yolo
😝	faccina che strizza gli occhi e mostra la lingua	bleah|faccina|faccina che strizza gli occhi e mostra la lingua|faccina con un gran sorriso che mostra la lingua|lingua|linguaccia|linguaccia con occhi chiusi|non mi piace|occhi chiusi|orribile|terribile
😞	faccina delusa	abbandonare|delusione|disilluso|emozione|faccina|fallimento|fallire|fallito|ho perso|infelice|male|no|perdere|sospiro|triste|uffa
😟	faccina preoccupata	ansioso|faccina|nodo allo stomaco|preoccupato|preoccupazione|triste
😠	faccina arrabbiata	arrabbiato|che odio|faccina|frustrato|furia|infuriato|non mi piace|odio|rabbia
😡	faccina accigliata	arrabbiato|broncio|faccina|faccina accigliata|faccina rossa|furioso|imbronciato|male|muso|odio
😢	faccina che piange	emozione|faccina|faccina che piange|faccina con lacrima|infelice|lacrima|mi dispiace|mi manchi|piangere|triste
😣	faccina perseverante	concentrato|faccina|faccina che pensa|faccina concentrata|pensare|perseverante
😤	faccina che sbuffa	arrabbiarsi|arrabbiato|faccina arrabbiata|faccina che sbuffa|faccina con il fumo|faccina frustrata|frustrato|frustrazione|rabbia|sbuffare|scontento|uffa
😥	faccina delusa ma sollevata	ansioso|deluso|deluso ma sollevato|faccina|faccina delusa ma sollevata|goccia|infelice|lacrima|sollevato|sudore|triste
😦	faccina imbronciata con bocca aperta	bocca aperta|corrucciata|faccina imbronciata con bocca aperta|male|no|noo|paura|sorpresa|wow
😧	faccina angosciata	angoscia|angosciato|ansia|ansioso|faccina|infelice|paura|sofferente|stressato|triste
😨	faccina impaurita	ansia|ansioso|esami|faccina|fifa|fifa blu|impaurito|paura|preoccupato|spaventato|spavento
😩	faccina esausta	arrabbiato|disperato|esausto|faccina|faccina che piange|nooo|piangere|sfinito|stanco
😪	faccina assonnata	assonnato|dormire|faccina|faccina assonnata|goccia|sonno|stanco|zzz
😫	faccina stanca	disperato|faccina|stanco|triste
😬	faccina con smorfia	denti|dentista|digrignare|digrignare i denti|faccina|faccina con smorfia|smorfia
😭	faccina disperata	faccina che piange|faccina disperata|infelice|lacrime|no|nooo|piangere|pianto|singhiozzare|triste
😮	faccina con bocca aperta	bocca|bocca aperta|non ci credo|non mi dire|oh|scioccato|shock|sorpresa|sorpreso|stupito|wow
😮‍💨	faccina che espira	ansimare|esausto|espirare|faccina che espira|fischiare|fumo|soffio|sollievo|sospiro|stanco|sussurrare|tosse
😯	faccina sorpresa	faccina|incredulo|omg|sbalordito|sorpresa|sorpreso|wow
😰	faccina sudata in ansia	ansia|blu|esami|faccina spaventata|freddo|nervoso|paura|risultato|spaventato|sudato|sudore|terrore
😱	faccina terrorizzata	blu|faccina|grido di paura|munch|oddio|paura|terrore|terrorizzata|urlare|urlo di munch
😲	faccina stupita	cosa?|davvero|faccina|non ci credo|oddio|omg|scioccato|sorpresa|sorpreso|stupito
😳	faccina imbarazzata	confuso|faccina|faccina arrossata|faccina con guance rosse|faccina con occhi aperti|guance rosse|imbarazzato|occhi
😴	faccina che dorme	assonnato|buona notte|dormire|faccina|faccina che dorme|pisolino|sonno|stanco|zzz
😵	faccina frastornata	crocetta|crocette|emozione|faccina|frastornato|malato|occhi|occhi a croce|stanco|testa che gira
😵‍💫	faccina con occhi a spirale	capogiro|confuso|faccina|faccina con occhi a spirale|giramento di testa|ipnotizzato|nausea|problema|stordito|vertigini
😶	faccina senza bocca	faccina|faccina senza bocca|muto|non parlo|non posso parlare|segreto|senza bocca|senza espressione|senza parole|silenzio|zitto
😷	faccina con mascherina	dentista|dottore|faccina con mascherina|germi|infermiera|infermiere|malato|mascherina|medicina|raffreddato|raffreddore|smog
😸	gatto che sogghigna	faccina|gatto|occhi|sorridente|sorriso
😹	gatto con lacrime di gioia	faccina|gatto|gioia|lacrime di gioia|risata|sorriso
😺	gatto che sorride	aperta|bocca|faccina|faccina del gatto|gatto|gatto che sorride|sorridente
😻	gatto innamorato	amore|cuore|faccina|gatto|occhi a cuore|sorriso
😼	gatto con sorriso sarcastico	faccina|faccina del gatto|gatto|gatto con sorriso sarcastico|gatto sorriso ironico|gatto sorriso sarcastico|ironico|sarcastico|sorriso ironico
😽	gatto che manda baci	baci|faccina|gatto|occhi chiusi
😾	gatto imbronciato	arrabbiato|broncio|faccina|gatto|gatto imbronciato|infelice|muso
😿	gatto che piange	faccina|gatto|lacrima|pianto|triste
🙀	gatto esterrefatto	esterrefatto|faccina|gatto|impossibile|incredibile|non ci credo|oh mio Dio|OMG|sorpreso|wow
🙁	faccina leggermente imbronciata	corrucciato|faccina|faccina leggermente imbronciata|imbronciato|mettere il muso|mi dispiace|triste|un po’ imbronciato
🙂	faccina con sorriso accennato	contento|faccina|faccina che sorride|faccina con sorriso accennato|felice|mezzo sorriso|ok|sorrisetto|sorriso|sorriso a bocca chiusa|sorriso accennato|va bene
🙃	faccina sottosopra	ah ah|ah ah ah|ahah|ahahah|arrabbiato|capovolto|faccina|sarcastico|scombussolata|sottosopra|triste
🙄	faccina con occhi al cielo	evabbé|faccina con occhi al cielo|guardare altrove|noia|occhi al cielo|pazienza|roteare gli occhi|ruotare gli occhi|sollevare gli occhi al cielo|uffa|vabbè
🙅	persona che fa segno di no	donna|escluso|faccina|gesto|gesto di rifiuto|no|non bene|persona|persona che fa segno di no|rifiuto|stop|vietato
🙆	persona con gesto OK	donna|donna con braccia alzate|esercizio|fitness|gesto|mani|OK|persona|persona con gesto OK|tutto bene|yoga
🙇	persona che fa un inchino profondo	chiedere perdono|gesto|grazie|inchino|meditare|mi dispiace|perdono|persona|persona che fa un inchino profondo|pietà|scusarsi
🙈	non vedo	faccina|faccina della scimmietta|gesto|non guardo|non posso guardare|non vedo|proibito|scimmia|scimmietta|scimmietta non vedo|segreto|vietato
🙉	non sento	animale|animali|faccina|non sentire|non sento|orecchie da mercante|scimmia|scimmietta|scimmietta non sento|segreto|vietato
🙊	non parlo	animale|animali|faccina|in silenzio|monello|non parlo|proibito|scimmia|scimmietta non parlo|segreto|vietato
🙋	persona con mano alzata	ciao|donna|eccomi|felice|gesto|mano alzata|persona|persona con mano alzata|salutare|saluto|sono qui
🙌	mani alzate	celebrare|due mani|evvai|evviva|gesto|grazie|innocente|mani alzate|mano|urrà|vittoria
🙍	persona corrucciata	arrabbiata|corrucciata|delusa|donna|faccia|frustrata|gesto|infelice|persona|triste
🙎	persona imbronciata	arrabbiata|broncio|delusa|donna|gesto|imbronciata|persona|seccata|sguardo arrabbiato
🙏	mani giunte	gesto|grazie|mani|mani giunte|mano|per favore|pregare|preghiera|ti prego
🚀	razzo	astronauta|astronave|razzo|spazio|trasporti|universo|veicolo|viaggiare|viaggio
🚁	elicottero	elicottero|trasporti|veicolo|velivolo|viaggiare|volare
🚂	locomotiva	ferrovia|locomotiva|locomotiva a vapore|motore|treno|vapore|veicolo|viaggiare
🚃	vagone	elettrico|ferrovia|tram|trasporto|treno|vagone|veicolo|viaggiare
🚄	treno alta velocità	alta velocità|ferrovia|freccia|tav|trasporto|treno|treno alta velocità|veicolo|veloce|viaggiare
🚅	treno alta velocità punta arrotondata	alta velocità|ferrovia|mezzo|punta arrotondata|trasporti|trasporto|treno|treno alta velocità|treno alta velocità punta arrotondata|veicolo|veloce|viaggiare
🚆	treno	arrivo|binari|ferrovia|freccia|mezzo|trasporto|treno|veloce
🚇	metropolitana	metro|metropolitana|mezzo|trasporti|trasporto|veicolo|viaggiare
🚈	metrotranvia	arrivare|ferrovia|metrotranvia|mezzo|monorotaia|tram|trasporti|trasporto|treno|veicolo|viaggiare
🚉	stazione	arrivo|fermata|ferrovia|ritardo|stazione|trasporto|treno|veicolo|viaggiare
🚊	tram	arrivo|ferrovia|freccia|partire|pendolare|tram|trasporto|treno|veicolo|veloce|velocità|viaggiare
🚋	vagone del tram	filobus|mezzo|tram|trasporti|trasporto|vagone|vagone del tram|veicolo
🚌	bus	autobus|bus|mezzo|scuola|scuolabus|trasporti|trasporto|veicolo
🚍	bus in arrivo	autobus|bus|bus in arrivo|in arrivo|mezzo|scuolabus|trasporti|trasporto|veicolo|viaggiare
🚎	filobus	autobus|bus|città|filobus|mezzo|tram|trasporti pubblici|veicolo|viaggiare
🚏	fermata dell’autobus	autobus|fermata|fermata dell’autobus|pendolare|stop|viaggiare
🚐	pulmino	bus|fiorino|guidare|minibus|pullmino|pulmino|veicolo|viaggiare
🚑	ambulanza	ambulanza|croce rossa|emergenza|incidente|mezzo|ospedale|trasporto|veicolo
🚒	camion dei pompieri	autopompa|camion dei pompieri|emergenza|incendio|mezzo|pompieri|veicolo|vigili del fuoco
🚓	macchina della polizia	auto|carabinieri|gazzella|macchina|macchina della polizia|polizia|veicolo
🚔	macchina della polizia in arrivo	auto della polizia|automobile|gazzella|macchina della polizia|mezzo|polizia|trasporti|trasporto|veicolo|volante
🚕	taxi	auto|guidare|mezzo|tassì|taxi|taxi giallo|trasporto|veicolo
🚖	taxi in arrivo	mezzo|tassì|taxi|taxi giallo|taxi in arrivo|trasporti|trasporto|veicolo
🚗	auto	auto|automobile|guidare|macchina|mezzo|trasporti|veicolo|viaggiare
🚘	auto in arrivo	auto|auto in arrivo|automobile|automobile in arrivo|guidare|in arrivo|mezzo|trasporti|trasporto|veicolo
🚙	SUV	auto|automobile|guidare|macchina|SUV|trasporti|utilitaria|veicolo|viaggiare
🚚	camion	camion|consegna|in viaggio|mezzo|trasporti|trasporto|veicolo
🚛	autoarticolato	autoarticolato|camion|guidare|rimorchio|spedizione|trasporto|veicolo|viaggiare
🚜	trattore	agricolo|campagna|fattoria|guidare|lavoro|mezzo|trattore|veicolo
🚝	monorotaia	mezzo|monorotaia|trasporti|trasporto|veicolo|veloce|viaggiare
🚞	ferrovia di montagna	ferrovia|ferrovia di montagna|montagna|trasporti|treno|treno di montagna|veicolo|viaggiare
🚟	ferrovia sospesa	ferrovia sospesa|funivia|mezzo|trasporti|trasporto|veicolo
🚠	funivia	cabina|funicolare|funivia|montagna|sci|ski lift|trasporti|trasporto|veicolo
🚡	funivia aerea	aerea|funicolare|funivia|montagna|sci|sciare|tram|trasporto
🚢	nave	barca|crociera|imbarcazione|mare|nave|titanic|trasporti|trasporto|veicolo|viaggiare
🚣	persona in barca a remi	barca|barca a remi|canoa|fiume|lago|persona|persona che rema|persona in barca a remi|pesca|remare|remi|sport
🚤	motoscafo	barca|lago|lusso|mare|mezzo|milionario|motoscafo|vacanza|vacanze|veicolo|veloce
🚥	semaforo orizzontale	orizzontale|semaforo|traffico
🚦	semaforo verticale	incrocio|luce|segnale|semaforo|stop|traffico|verticale
🚧	area cantiere	area cantiere|costruzione|giallo e nero|simbolo|simbolo area cantiere
🚨	lampeggiante	carabinieri|emergenza|lampeggiante|luce|rosso|sirena|sirena dei carabinieri|sirena della polizia
🚩	bandierina rossa	bandiera|bandiera rossa|bandiera rossa triangolare|bandierina|bandierina rossa|bandierina rossa triangolare|golf
🚪	porta	aprire|armadio|chiudere|entrare|porta|portoncino|uscire
🚫	segnale di divieto	divieto|proibito|segnale di divieto|simbolo|simbolo di divieto|vietato|vietato fumare|vietato l’accesso
🚬	sigaretta	area fumatori|fumare|fumo|sigaretta|simbolo
🚭	segnale di vietato fumare	divieto|fumare|fumo|proibito|segnale|segnale di vietato fumare|sigarette|simbolo|vietato
🚮	simbolo per la raccolta dei rifiuti	buttare|cestino dei rifiuti|pattumiera|raccolta rifiuti|riciclare|rifiuti|simbolo|simbolo per la raccolta dei rifiuti|simbolo raccolta rifiuti
🚯	simbolo del divieto di gettare rifiuti	buttare|divieto|proibito|simbolo|simbolo del divieto di gettare rifiuti|simbolo vietato gettare rifiuti|vietato gettare rifiuti
🚰	acqua potabile	acqua|bere|goccia|potabile|rubinetto|simbolo
🚱	simbolo di acqua non potabile	acqua|acqua non potabile|divieto|non potabile|rubinetto|simbolo|simbolo acqua non potabile|simbolo di acqua non potabile|vietato
🚲	bicicletta	bici|bicicletta|due ruote|gita|mezzo|pedalare|spinning|sport|trasporti|trasporto|veicolo
🚳	segnale di divieto di transito delle biciclette	bici|bicicletta|divieto bicicletta|divieto biciclette|divieto di transito|divieto transito biciclette|proibito|segnale|segnale di divieto di transito delle biciclette
🚴	ciclista	bici|bicicletta|ciclismo|ciclista|due ruote|gara|mountain bike|pedalare|sport|trasporto
🚵	ciclista di mountain bike	atleta|bicicletta|ciclismo|ciclismo in montagna|ciclista|ciclista di mountain bike|montagna|mountain bike|pedalare|sport
🚶	pedone	attività|camminare|camminata|giro a piedi|passeggiare|passeggiare lentamente|passeggiata|passo tranquillo|pedone|persona
🚷	simbolo del divieto di transito pedoni	divieto transito pedoni|niente pedoni|no|no pedoni|proibito|segnale|simbolo|simbolo del divieto di transito pedoni|strada|vietato
🚸	attraversamento bambini	attraversamento|attraversamento pedonale|attraversare|bambini|pedoni|scuola|segnale|simbolo|strada|traffico
🚹	simbolo del bagno degli uomini	bagno|segnale|simbolo|simbolo del bagno degli uomini|toilette|Uomini|uomo
🚺	simbolo del bagno delle donne	bagno donne|Donne|segnale|servizi|simbolo|simbolo bagno donne|simbolo del bagno delle donne|toilette
🚻	simbolo dei servizi igienici	bagni|bagno|cartello|figure|omini|pulsante|servizi|simbolo|simbolo dei servizi igienici|tasto|toilette|wc
🚼	simbolo con immagine di bambino	bambino a bordo|cartello neonato|fasciatoio|neonato|simbolo con immagine di bambino|simbolo neonato
🚽	toilette	bagno|toilette|trono|water
🚾	simbolo del WC	bagni|bagno|gabinetto|segnale|servizi|simbolo del WC|toilette|WC
🚿	doccia	aqua|doccia|fare la doccia|lavare|lavarsi
🛀	persona che fa il bagno	bagno|doccia|fare il bagno|lavarsi|persona che fa il bagno|relax|vasca da bagno
🛁	vasca	bagno|doccia|lavare|lavarsi|relax|vasca|vasca da bagno
🛂	simbolo del controllo passaporti	aeroporto|controllo|dogana|immigrazione|passaporti|passaporto|segnale|simbolo del controllo passaporti
🛃	simbolo della dogana	confine di Stato|controllo doganale|dogana|doganiere|frontiera|polizia|polizia di frontiera|simbolo della dogana|viaggiare
🛄	simbolo del ritiro bagagli	aereo|aeroporto|arrivare|bagagli|check in|gita|partire|pronti|ritiro|simbolo del ritiro bagagli|valigie|viaggio
🛅	simbolo del deposito bagagli	aeroporto|bagagli|deposito|servizio bagagli|sicurezza|simbolo del deposito bagagli|viaggiare
🛌	persona a letto	addormentato|arredamento|dormire|hotel|letto|notte|persona a letto|sonno|stanca|stanco|zzz
🛐	luogo di culto	luogo di culto|luogo di preghiera|luogo sacro|persona che prega|pregare|preghiera|religione|silenzio|simbolo
🛑	segnale di stop	geometria|ottagonale|ottagono|rosso|segnale|segnale di stop|stop
🛒	carrello	acquistare|acquisti|acquisto|carrello|carrello della spesa|centro commerciale|fare la spesa|shopping|spesa|supermercato
🛕	tempio indù	induismo|tempio indù|tempio induista
🛖	capanna	capanna|capanno|casa|iurta|rifugio
🛗	ascensore	accessibilità|ascensore|montacarichi
🛘	frana	disastro|montagna|pericolo|rocce|smottamento|terremoto|valanga
🛜	wireless	computer|connessione|internet|rete|trasmissione|wi-fi|wifi|wireless
🛝	scivolo	area divertimento|area giochi|giocare|giochi per bambini|parco giochi|scivolata|scivolo
🛞	ruota	auto|cerchio|cerchione|girare|gomma|pneumatico|ruota|veicolo
🛟	salvagente	ciambella|galleggiante|gonfiabile|nuotare|salvagente|salvare|salvataggio|sicurezza|soccorso
🛫	decollo	aereo|andare|check-in|decollo|partenza|partenze|partire|pista di decollo|trasporti|trasporto|vacanza|viaggiare
🛬	atterraggio	aereo|aeroplano|aeroporto|arrivare|arrivi|arrivo|atterraggio|pista d’atterraggio|trasporti|trasporto|veicolo|viaggiare
🛴	monopattino	monopattino|trasporti|veicolo
🛵	scooter	due ruote|estate|guidare|mezzo|motorino|scooter|trasporti|trasporto|vacanze romane|veicolo|vespa|viaggiare
🛶	canoa	barca|canoa|fiume|imbarcazione|kayak|lago|mare|pagaia|sport|trasporto
🛷	slitta	inverno|montagna|neve|slitta|slittino|toboggan
🛸	disco volante	alieni|disco volante|extra terrestri|marziani|spazio|ufo|UFO
🛹	skateboard	andare in skate|andare sullo skateboard|rotelle|skate|skateboard|skateboarder|skater|tavola da skateboard
🛺	risciò a motore	risciò a motore|tuk tuk
🛻	pickup	auto|camioncino|furgoncino|pick-up|pickup|trasporto|veicolo
🛼	pattini a rotelle	pattinaggio|pattinare|pattini|pattini a rotelle|rotelle|sport
🟠	cerchio arancione	arancione|cerchio|cerchio arancio|cerchio di colore arancione|forma
🟡	cerchio giallo	cerchio|cerchio di colore giallo|colore giallo|forma|giallo
🟢	cerchio verde	cerchio|cerchio di colore verde|colore verde|forma|verde
🟣	cerchio viola	cerchio|cerchio di colore viola|colore viola|forma|viola
🟤	cerchio marrone	cerchio|cerchio di colore marrone|colore marrone|forma|marrone
🟥	quadrato rosso	colore rosso|forma|quadrato|quadrato di colore rosso|rosso
🟦	quadrato blu	blu|colore blu|forma|quadrato|quadrato di colore blu
🟧	quadrato arancione	arancione|colore arancione|forma|quadrato|quadrato di colore arancione
🟨	quadrato giallo	colore giallo|forma|giallo|quadrato|quadrato di colore giallo
🟩	quadrato verde	colore verde|forma|quadrato|quadrato di colore verde|verde
🟪	quadrato viola	colore viola|forma|quadrato|quadrato di colore viola|viola
🟫	quadrato marrone	colore marrone|forma|marrone|quadrato|quadrato di colore marrone
🟰	segno di uguaglianza	matematica|segno di uguaglianza|segno uguale|uguaglianza|uguale
🤌	mano a pigna	che vuoi|cosa vuoi|dita unite|gesto della mano|interrogativo|ma che dici|mano a borsa|mano a carciofo|mano a cuoppo|mano a pigna|mano a tulipano|sarcastico
🤍	cuore bianco	bianco|cuore|emozione
🤎	cuore marrone	amore|cuore|cuore di colore marrone|emozione|forma|marrone
🤏	mano che fa il gesto del pizzico	dita|gesto|mano che fa il gesto del pizzico|piccola quantità|piccolo|poco|un po’|un pochino
🤐	faccina con bocca con cerniera	acqua in bocca|bocca a zip|bocca cucita|faccina con bocca con cerniera|faccina con zip|no comment|non parlare|non posso parlare|segreto|silenzio|zitto
🤑	faccina avida di denaro	avarizia|avidità|avido|denaro|dollari|faccina con lingua verde|guadagnare|lingua|pagare|ricchezza|ricco|taccagno
🤒	faccina con termometro	ammalato|faccina|faccina con termometro|faccina malata|febbre|influenza|malato|mutua|raffreddore|termometro
🤓	faccina nerd	faccina|nerd|occhiali|occhiali da nerd|secchione|studioso
🤔	faccina concentrata	arrovellarsi|concentrarsi|dubbio|faccina|faccina che pensa|faccina concentrata|mmm|pensare|scervellarsi
🤕	faccina con la testa bendata	bende|dolore|faccina|faccina bendata|faccina con la testa bendata|faccina malata|farsi male|fasciarsi la testa|ferita|ferito|mal di testa|malato
🤖	faccina di robot	faccina|faccina di robot|robot|tecnologia
🤗	faccina che abbraccia	abbracciare|abbraccio|ciao|faccina|faccina che abbraccia|imbarazzo|mani|mano|saluti|sorriso|ti voglio bene|tvb
🤘	segno delle corna	concerto|corna|fare le corna|gesto|mani|mano con le corna|rock and roll|rockstar|segno delle corna
🤙	mano con gesto di chiamata	chiamami|chiamare|dita|dito|gesto|mani|mano|mano con gesto di chiamata|telefonare|ti chiamo
🤚	dorso mano alzata	alzata|ciao|ciaone|dorso mano alzata|mano
🤛	pugno a sinistra	mano|mano chiusa|pugno|pugno a sinistra|sinistra
🤜	pugno a destra	destra|pugno|pugno a destra
🤝	stretta di mano	affare fatto|conoscere|d’accordo|mani che si stringono|ok|patto|piacere|presentarsi|presentazione|promessa|stretta di mano|stringersi la mano
🤞	dita incrociate	buona fortuna|dita|dita incrociate|fortuna|incrociare|incrociare le dita|mano
🤟	gesto ti amo	corna|dita|dito|gesto|gesto ti amo|gesto tvb|mano|rock|tre dita
🤠	faccina con cappello da cowboy	cappello|cappello da cowboy|cowboy|faccina|faccina con cappello da cowboy
🤡	faccina pagliaccio	carnevale|circo|clown|faccina|faccina del clown|It|maschera|pagliaccio|teatro
🤢	faccina nauseata	faccina|faccina che vomita|faccina con la nausea|faccina nauseata|hang over|mal di mare|malato|nausea|nauseato|sto male|verde|vomito
🤣	ridere a crepapelle	ahah|crepapelle|divertente|esilarante|faccia che si rotola|faccina che ride|felice|felicissimo|lacrime dal ridere|lmao|lol|molto felice|occhi chiusi|ridere a crepapelle|ridicolo|risata|rofl
🤤	faccina che sbava	bava|che buono|faccina|faccina che sbava|felice|figata|sbavare
🤥	faccina bugiarda	bugia|bugiardo|dire le bugie|faccina|faccina bugiarda|faccina con il naso lungo|mentire|naso lungo|pinocchio
🤦	persona esasperata	disperazione|esasperazione|facepalm|incredulità|mano in fronte|oddio|oh no|persona|persona esasperata
🤧	faccina che starnutisce	faccina|faccina che starnutisce|faccina con fazzoletto|faccina con raffreddore|fazzoletto|malato|raffreddore|starnutire|starnuto
🤨	faccina con sopracciglia alzate	diffidente|disappunto|eh|faccia con sopracciglia alzate|faccina con sopracciglio alzato|incredulo|mah|non ci credo|scetticismo|scettico|sconcertato|sorpresa|sorpreso
🤩	colpo di fulmine	emozionante|emozionato|faccia sorridente|faccina con le stelle|felice|figata|figo|occhi a stella|stelline|wow
🤪	faccina impazzita	faccina|faccina con occhi pazzi|faccina impazzita|faccina pazza|grande|inquietante|occhi|occhi diversi|occhio|pazzo|piccolo|sclerato
🤫	faccina che zittisce	dito|faccina che zittisce|muto|non parlare|segreto|silenzio|silenzioso|zittire|zitto
🤬	faccina con simboli sulla bocca	arrabbiato|bestemmiare|censura|faccina|faccina che bestemmia|faccina che impreca|faccina con simboli sulla bocca|imprecare|incavolato|insultare|molto arrabbiato
🤭	faccina con mano sulla bocca	faccina che sogghigna|imbarazzato|imbarazzo|mano davanti alla bocca|non ci credo|oddio|oops|ridacchiare|ridere|segreto|sogghignare|sorpresa
🤮	faccina che vomita	faccina|faccina che vomita|malato|male|nausea|sputare|sto male|verde|vomitare|vomito
🤯	testa che esplode	cervello|faccina sorpresa|mindblown|non ci credo|sbalordito|scioccato|sconcertato|sorpesa|sorpreso|stupore|testa che esplode
🤰	donna incinta	donna|gravidanza|incinta|mamma|pancione
🤱	allattare	allattamento|allattare|allattare al seno|bebé|donna|donna che allatta|mamma|mamma che allatta|persona
🤲	mani unite in alto	desiderare|mani|mani a coppa|mani in preghiera|mani unite|mani unite in alto|mano|offrire|palmi|palmo della mano|pregare|preghiera
🤳	selfie	autoscatto|fare un selfie|foto|fotocamera|fotografare|fotografia|scattare|selfie|smartphone|telefono
🤴	principe	comandare|corona|fiaba|monarca|principe|re|reale|sovrano|uomo
🤵	persona in smoking	abito|elegante|festa|matrimonio|persona in smoking|smoking
🤶	Mamma Natale	cappello|donna|fest|mamma natale|Mamma Natale|natale|santa claus
🤷	persona che scrolla le spalle	boh|dubbio|forse|indifferenza|non lo so|non saprei|noncuranza|persona che alza le spalle|persona che scrolla le spalle|può darsi|spalle alzate|vabbè
🤸	persona che fa la ruota	atleta|attiva|capriola|felice|ginnasta|ginnastica|persona|persona che fa la ruota|ruota
🤹	persona che fa giocoleria	abilità|destrezza|equilibrio|giocoliere|palline|persona|persona che fa giocoleria
🤺	schermidore	fioretto|persona|scherma|schermidore|spada|sport
🤼	persone che fanno la lotta	combattimento|lottatori|persone|persone che fanno la lotta|sport|torneo|wrestler|wrestling
🤽	persona che gioca a pallanuoto	acqua|giocatrice di pallanuoto|pallanuoto|persona|persona che gioca a pallanuoto|piscina|sport
🤾	persona che gioca a pallamano	atleta|lanciare|palla|pallamanista|pallamano|persona|persona che gioca a pallamano|sport|tirare la palla
🤿	maschera da sub	diving|fare immersioni|immersioni|maschera da sub|maschera e boccaglio|nuotare|nuoto|snorkeling|sport
🥀	fiore appassito	appassito|fiore|natura|pianta|rosa|rosa appassita|sfiorire|sfiorita
🥁	tamburo	bacchette|banda|musica|percussioni|tamburello|tamburo
🥂	brindisi	anniversario|auguri|bere|brindare|brindisi|champagne|cin cin|compleanno|congratulazioni|festeggiare|prosecco|spumante
🥃	bicchiere tumbler	alcool|bevanda|bicchiere|drink|liquore|tumbler|whisky
🥄	cucchiaio	cucchiaino|cucchiaio|cucina|posate|stoviglie|utensili
🥅	porta da calcio	calcio|gol|porta|porta da calcio|porta di calcio|rete|sport|traversa
🥇	medaglia d’oro	medaglia|medaglia d’oro|numero 1|numero uno|oro|primo posto|sport|uno|vincere
🥈	medaglia d’argento	argento|medaglia|medaglia d’argento|secondo posto|sport
🥉	medaglia di bronzo	bronzo|gara|medaglia|medaglia 3|medaglia di bronzo|sport|terzo|terzo posto
🥊	guantone da pugilato	boxe|forza|guanto|guantone|guantone da pugilato|pugilato|pugile|pugno|sport
🥋	kimono per arti marziali	arti marziali|judo|karate|kimono|kimono per arti marziali|sport|taekwondo|uniforme
🥌	stone da curling	curling|sport|stone da curling
🥍	lacrosse	goal|lacrosse|palla|pallina|racchetta da lacrosse|rete|sport
🥎	palla da softball	guantone|palla|palla da softball|softball|sport
🥏	frisbee	disco|disco volante|frisbee|ultimate frisbee
🥐	croissant	bar|cibo|colazione|cornetto|croissant|dolce|francese|zucchero
🥑	avocado	avocado|cibo|frutta|frutto
🥒	cetriolo	cetriolino sottaceto|cetriolo|cibo|ortaggio|sott’aceto|sotto aceto|verdura
🥓	pancetta	americana|bacon|carne|cibo|cibo americano|colazione|maiale|pancetta
🥔	patata	cibo|ortaggio|patata|patatine|tubero|verdura
🥕	carota	arancione|carota|carotene|cibo|coniglio|dieta|ortaggio|radice|sano|verdura|verdure
🥖	baguette	baguette|carboidrati|cibo|filone|francese|Francia|pane
🥗	insalata verde	cena|cibo|insalata|insalata mista|insalata verde|mangiare|pranzo|salutare|salute|verdure
🥘	padella con cibo	casseruola|cibo|cucina|cucinare|padella|padella con cibo|paella|Spagna
🥙	pita farcita	carne|cibo|cibo turco|cucina turca|falafel|gyro|kebab|pita farcita|ripieno|ristorante
🥚	uovo	cibo|uova|uovo
🥛	bicchiere di latte	bevanda|bicchiere|bicchiere di latte|latte
🥜	arachidi	arachide|arachidi|cibo|frutta secca|nocciolina|noccioline
🥝	kiwi	cibo|frutt|frutta|frutto|kiwi
🥞	pancake	america|brunch|burro|cibo|colazione|crêpe|dolce|francia|frittelle|pancake|sciroppo d’acero|zucchero
🥟	raviolo	cibo|dumpling|empanada|fagottino|gyoza|jiaozi|pierogi|ravioli|raviolo
🥠	biscotto della fortuna	biscotto|biscotto della fortuna|cibo|cinese|consiglio|profezia|suggerimento
🥡	confezione da asporto	asporto|bacchette|bastoncini|cibo|cibo a domicilio|cibo cinese|cibo da asporto|confezione da asporto|consegna|scatola d’asporto
🥢	bacchette	bacchette|bastoncini|cibo asiatico|hashi|jeotgarak|kuaizi
🥣	ciotola con cucchiaio	cereali|cibo|ciotola|ciotola con cucchiaio|colazione|porridge|scodella|tazza|zuppa|zuppiera
🥤	bicchiere con cannuccia	acqua|bevanda|bevande|bibita|bibita gasata|bicchiere|bicchiere con cannuccia|cannuccia|succo
🥥	cocco	cibo|cocco|frutta|frutto|noce di cocco|palma|piña colada
🥦	broccoli	broccoli|broccolo|cavolo nero|cibo|verde|verdura
🥧	torta	apple pie|cibo|dolce|fetta|pasticceria|torta|torta di mele|torta di zucca|tortino
🥨	pretzel	brezel|cibo|pane|pretzel
🥩	taglio di carne	bistecca|braciola|carne|carne rossa|cibo|costoletta|costoletta d’agnello|costoletta di maiale|cotoletta|scaloppina|taglio|taglio di carne
🥪	sandwich	cibo|pane|panino|sandwich
🥫	cibo in scatola	cibo|cibo in scatola|latta|lattina|scatoletta
🥬	verdure a foglia	bok choy|cavolo|cavolo cinese|cavolo nero|foglia verde|hamburger|insalata|kale|lattuga|verdura|verdure a foglia|verza
🥭	mango	cibo|frutta|frutto|mango|shaker|tropicale
🥮	torta della luna	autunno|dolce della luna|dolce lunare|festa d’autunno|festival|moon cake|torta lunare|yuebing|yuèbǐng
🥯	bagel	bagel|ciambella di pane|colazione|pane|panetteria|panificio|spalmare|spalmare formaggio sul bagel
🥰	faccina con cuoricini	amore|cotta|cuoricini|faccina|innamoramento|sorriso|ti amo
🥱	faccina che sbadiglia	annoiato|assonnato|buona notte|mi annoio|noia|pisolino|sbadigliare|sbadiglio|sonno|stanchezza|stanco|zzz
🥲	faccina sorridente con lacrima	commosso|dolore|emozionato|faccina sorridente con lacrima|felice|lacrima|orgoglioso|rincuorato
🥳	faccina che festeggia	cappellino|celebrazione|compleanno|entusiasta|faccina che festeggia|festa|festeggiamenti|festeggiamento|festeggiamo|festeggiare|party|si festeggia|trombetta
🥴	faccina stordita	alticcio|bocca ondulata|brillo|confuso|frastornato|occhi storti|ubriaco|vertigini
🥵	faccina accaldata	accaldato|bollente|caldo|colpo di calore|febbre|febbricitante|fuoco|lingua di fuori|morendo dal caldo|morire di caldo|sudare|sudore
🥶	faccina congelata	blu|congelare|denti che battono per il freddo|freddo|gelo|ghiaccioli|ghiacciolo|ipotermia|sottozero
🥷	ninja	abilità|assassino|combattimento|furtivo|guerra|guerriero|invisibile|nascosto|ninja|persona
🥸	faccina travestita	baffi|faccina|faccina travestita|incognito|naso|occhiali|persona|spia|travestimento
🥹	faccina che trattiene le lacrime	ammirazione|faccina con gli occhi umidi|fiero|gioia|gratitudine|grato|imbarazzato|lacrime|orgoglioso|per favore|piangere|resistere|sentimenti|trattenere|triste
🥺	faccina supplichevole	faccina implorante|faccina sull’orlo delle lacrime|lacrime|occhi da cucciolo|occhioni|per favore|per piacere|supplicare|triste
🥻	sari	abbigliamento|abito indiano|abito tradizionale indiano|sari|vestito indiano|vestito tradizionale
🥼	camice	abiti|camice|camice bianco|camice da laboratorio|dottore|dottoressa|esperimento|giacca|medico|scienziato
🥽	maschera	immersioni|maschera|nuotare|nuoto|occhiali di protezione|occhiali protettivi|occhialini|protezione per gli occhi|saldare|saldatura|sub
🥾	stivale da trekking	campeggio|escursionismo|passeggiata|scarpa|scarponcino|scarpone|scarponi|stivale da trekking|trekking
🥿	ballerina	ballerine|comfort|scarpa bassa|scarpa senza lacci|scarpe da ballerina
🦀	granchio	cancro|granchio|mare|mollusco|oceano|segno zodiacale
🦁	leone	alpha|animale|criniera|forte|forza|muso di leone|oroscopo|roar|ruggito|segno zodiacale|selvaggio|selvatico
🦂	scorpione	animale|scorpione|segno zodiacale
🦃	tacchino	animale|giorno del ringraziamento|ringraziamento|tacchino|Thanksgiving
🦄	unicorno	faccina|unicorno
🦅	aquila	animale|aquila reale|ornitologia|rapace|uccello
🦆	anatra	animale|ornitologia|papera|uccello
🦇	pipistrello	ali|animale|notte|pipistrello|vampiro
🦈	squalo	aggressività|animale|animali|pericolo|pesce|squalo
🦉	gufo	animale|animali|bosco|foresta|fortuna|gufo|saggezza|selvatico|uccello
🦊	volpe	animale|bosco|faccina volpe|furbetto|furbizia|furbo|muso di volpe|natura|volpacchiotto
🦋	farfalla	ali|animale|colorata|insetto
🦌	cervo	animale|animali|bosco|cerbiatto|cervo|corna|primavera|selvatico
🦍	gorilla	animale|foresta|scimmia|selvatico
🦎	lucertola	animale|animali|lucertola|rettile
🦏	rinoceronte	Africa|animale|animali|natura|rinoceronte|safari|savana|selvatico
🦐	gamberetto	animale|animali|cibo|crostaceo|gamberetto|gambero|mare|oceano
🦑	calamaro	animale|animali|calamaro|cibo|mare|mollusco|oceano|polipo|polpo|totano
🦒	giraffa	animale|animali|giraffa|macchie|puntini|savana|selvaggio|selvatico
🦓	zebra	animale|animali|bianco|bianconero|nero|strisce|zebra
🦔	riccio	animale|animali|riccio|spine|spinoso
🦕	sauropode	animale|animali|brachiosauro|brachiosaurus|brontosauro|brontosaurus|dinosauro|diplodoco|diplodocus|sauropode
🦖	T-Rex	animale|animali|dinosauro|T-Rex|tirannosauro|Tirannosauro Rex|Tyrannosaurus Rex
🦗	grillo	animale|cavalletta|insetto|ortottero
🦘	canguro	animale|animale che salta|Australia|canguro|cucciolo di canguro|marsupiale|saltare
🦙	lama	alpaca|animale|guanaco|lama|lana|lana di alpaca|vicuña|vigogna
🦚	pavone	animale|appariscente|colorato|esibizionista|orgoglioso|pavone|pavoneggiarsi|uccello|vistoso|volatile
🦛	ippopotamo	animale|ippo|ippopotamo
🦜	pappagallo	animale|pappagallo|parlare|pirata|pirati|uccello|uccello parlante
🦝	procione	animale|curiosità|curioso|furbizia|furbo|procione
🦞	aragosta	animale|aragosta|aragosta rossa|astice|chele|crostacei|frutti di mare|zuppa
🦟	zanzara	febbre|insetto|malaria|malattia|morso|puntura d’insetto|virus|zanzara
🦠	microbo	ameba|batteri|batterio|microbo|scienza|virus
🦡	tasso	animale|dare fastidio|infastidire|tasso|tasso del miele
🦢	cigno	animale|brutto anatroccolo|cigno|cigno giovane|uccello|volatile
🦣	mammut	animale|estinzione|grande|lanoso|mammut|zanna
🦤	dodo	animale|dodo|estinzione|grande|Mauritius|uccello
🦥	bradipo	animale|bradipo|calma|lentezza|lento|pigrizia|pigro
🦦	lontra	animale|giocherellone|lontra|lontra marina|pescare
🦧	orangotango	animale|gorilla|orango|orangotango|scimmia|scimmione
🦨	puzzola	animale|puzza|puzzola|puzzolente
🦩	fenicottero	animale|fenicottero|flamingo|rosa|tropicale|uccello
🦪	ostrica	alimento|cibo|mollusco|ostrea|ostrica|perla
🦫	castoro	animale|castoro|denti|diga|roditore
🦬	bisonte	animale|bisonte|mandria
🦭	foca	animale|foca|leone marino|mare|oceano|otaria
🦮	cane guida	accessibilità|animale|cane|cane da accompagnamento|cane guida|cieco|non vedente|non vedenti
🦯	bastone per non vedenti	accessibilità|bastone bianco|bastone per ciechi|bastone per ipovedenti|bastone per non vedenti
🦴	osso	cane|ossa|osso|osso a forchetta|scheletro
🦵	gamba	arto|calcio|gamba|gamba piegata|ginocchio|ginocchio piegato|piede|polpaccio
🦶	piede	calciare|calcio|calpestare|camminare|camminare con passo pesante|caviglia|piede|piedi
🦷	dente	bianchi|bianco|dente|denti|dentista|perlacei|perlaceo
🦸	supereroe	bene|buono|eroe|eroina|persona|personaggio|supereroe|supereroina|superman|superpotere|superpoteri
🦹	supercattivo	cattivo|criminale|malvagio|persona|personaggio|supercattivo|superpotere|superpoteri
🦺	gilet di sicurezza	antinfortunistica|emergenza|gilet antinfortunistica|gilet catarifrangente|gilet di sicurezza
🦻	orecchio con apparecchio acustico	accessibilità|apparecchio acustico|non udente|non udenti|orecchio|orecchio con apparecchio acustico|protesi acustica|sordità|sordo
🦼	sedia a rotelle motorizzata	accessibilità|carrozzina motorizzata|sedia a rotelle motorizzata
🦽	sedia a rotelle manuale	accessibilità|carrozzina manuale|sedia a rotelle manuale
🦾	protesi robotica per il braccio	accessibilità|braccio meccanico|protesi|protesi robotica per il braccio
🦿	protesi robotica per la gamba	accessibilità|gamba meccanica|protesi|protesi robotica per la gamba
🧀	fetta di formaggio	cibo|fetta di formaggio|formaggio|gruviera
🧁	cupcake	cupcake|delizia|dessert|dolce|festa|panetteria|panificio|pasticceria|tortina|zucchero
🧂	sale	condimento|gusto|salato|sale|saliera|sapore|saporito
🧃	bevanda monodose	bevanda|bevanda in brick|bevanda monodose|brick|cannuccia|succo|succo di frutta in cartone
🧄	aglio	aglio|alimento|cibo|condimento|insaporire|insaporitore|spicchio d’aglio
🧅	cipolla	alimento|cibo|cipolla|insaporire|insaporitore|piangere|soffritto
🧆	falafel	ceci|cibo|falafel|felafel|polpetta|polpette di ceci
🧇	waffle	cialda|cibo|colazione|gaufre|waffle
🧈	burro	alimento|burro|cibo|latticini|latticino
🧉	mate	bevanda|erba Mate|mate|mate argentino
🧊	cubetto di ghiaccio	cubetto di ghiaccio|freddo|gelo|ghiaccio|ghiaccio in cubetti|ghiaccio in cubi
🧋	bubble tea	bibita|boba|bolla|bolle|bubble tea|cibo|latte|perla|sfera|Taiwan|tè con le bolle|thè
🧌	troll	fantasia|favola|fiaba|mostro|troll
🧍	persona in piedi	in piedi|persona|persona in piedi|stare fermi|stare in piedi
🧎	persona inginocchiata	in ginocchio|inginocchiarsi|meditare|meditazione|persona|persona inginocchiata
🧏	persona con problemi di udito	accessibilità|difficoltà uditive|non sentire|orecchio|persona|persona con problemi di udito|problemi di udito|sordità|sordo|udito
🧐	faccina con monocolo	antico|classe|faccina|faccina con monocolo|fighetto|monocolo|occhiale|ricco|sospetto
🧑	persona	adulta|adulto|persona
🧑‍🌾	agricoltore	agricoltore|allevatore|contadino|giardiniere
🧑‍🍳	persona che cucina	chef|cuoco|persona che cucina
🧑‍🍼	persona che allatta	allattamento|babysitter|bebè|mamma|neonato|nutrire|papà|persona|persona che allatta
🧑‍🎄	Santa Claus	Babbo Natale|buon Natale|cappello di Babbo Natale|Claus|Natale|persona|Santa Claus|vacanze di Natale
🧑‍🎓	studente	diploma|studente|studentessa
🧑‍🎤	cantante	attore|cantante|intrattenitore|rock|star
🧑‍🎨	artista	artista|tavolozza
🧑‍🏫	insegnante	insegnante|maestra|maestro|professore|professoressa
🧑‍🏭	persona che lavora in fabbrica	assemblaggio|fabbrica|industria|operaio|persona che lavora in fabbrica
🧑‍💻	persona esperta di tecnologia	inventore|persona esperta di tecnologia|programmatore|software|sviluppatore|tecnologo
🧑‍💼	persona che fa un lavoro d’ufficio	architetto|business|impiegato|manager|persona che fa un lavoro d’ufficio
🧑‍🔧	meccanico	elettricista|idraulico|meccanico|tecnico specializzato
🧑‍🔬	persona che lavora in campo scientifico	biologo|chimico|fisico|ingegnere|persona che lavora in campo scientifico|scienziato
🧑‍🚀	astronauta	astronauta|razzo
🧑‍🚒	pompiere	pompiere|vigile del fuoco
🧑‍🤝‍🧑	persone che si tengono per mano	coppia|coppia che si tiene per mano|coppia per mano|insieme|mano nella mano|persona|persone che si tengono per mano|tenersi per mano|uniti
🧑‍🦯	persona con bastone di orientamento	accessibilità|cecità|persona con bastone di orientamento
🧑‍🦼	persona su sedia a rotelle motorizzata	accessibilità|persona su sedia a rotelle motorizzata|sedia a rotelle
🧑‍🦽	persona su sedia a rotelle manuale	accessibilità|persona su sedia a rotelle manuale|sedia a rotelle
🧑‍🧑‍🧒	famiglia: persone adulte, minore	famiglia|minore|persona adulta
🧑‍🧑‍🧒‍🧒	famiglia: persone adulte, minori	famiglia: persona adulta|famiglia: persona adulta, persona adulta, minore, minore|minore|persona adulta
🧑‍🧒	famiglia: persona adulta, minore	famiglia: persona adulta|famiglia: persona adulta, minore|minore
🧑‍🧒‍🧒	famiglia: persona adulta, minore, minore	famiglia: persona adulta|famiglia: persona adulta, minore, minore|minore
🧑‍🩰	persona che danza	ballerina|ballerino|balletto
🧒	bimbo	bambina|bambino|bimba|bimbo|giovane|persona|ragazzina|ragazzino
🧓	persona anziana	adulto anziano|anziana|anziano|persona|vecchia|vecchio
🧔	persona con la barba	baffi|barba|barbuto|persona|persona con barba|persona con la barba
🧕	donna con velo	copricapo|donna|donna con foulard|donna con hijab|donna con velo|hijab|islam|velo
🧖	persona in sauna	bagno turco|benessere|hammam|persona|persona in sauna|persona nella sauna|relax|sauna|spa
🧗	persona che scala	arrampicarsi|arrampicata|arrampicatore|arrampicatrice|montagna|persona|persona che arrampica|persona che scala|roccia|scalatore|sport
🧘	persona in posizione del loto	gambe incrociate|meditazione|pace|persona|persona che fa yoga|persona in posizione del loto|relax|rilassarsi|yoga|zen
🧙	mago	barba|cappello|incantesimo|maghetto|magia|magico|mago|strega|stregone
🧚	fata	ali|creatura|fata|fatina|fiaba|folletto|Oberon|Puck|regina delle fate|Titania
🧛	vampiro	costume|creatura|denti|Dracula|halloween|maschera|morte|morto vivente|paura|sangue|supernaturale|vampiro
🧜	sirena	creatura|donna sirena|fiaba|mare|mitologia|oceano|personaggio|pesce|sirena|sirenetta
🧝	elfo	creatura|elfetto|elfo|fantasy|fiaba|folclore|magia|magico
🧞	genio	aladino|creatura|desideri|djinn|fiaba|genietto|genio|jinn|lampada|personaggio
🧟	zombie	carnevale|halloween|horror|morte|morto vivente|paura|scheletro|spaventoso|urlo|zombie
🧠	cervello	cervello|corpo umano|intelligente|parte del corpo
🧡	cuore arancione	amore|arancione|cuore|cuore arancio|emozione
🧢	cappello con visiera	abbigliamento|baseball|cappellino|cappellino da baseball|cappello|cappello con visiera|cappello da baseball|indumenti|vestiti
🧣	sciarpa	abbigliamento|collo|freddo|inverno|sciarpa|sciarpetta|sciarpina
🧤	guanti	blu|guanti|guanto|mano
🧥	cappotto	abbigliamento|cappotto|freddo|giacca|giaccone|giubbotto|inverno|rosso
🧦	calzini	abbigliamento|calze|calzette|calzini
🧧	busta hongbao	buona fortuna|buono auspicio|busta rossa|busta soldi|denaro|hóngbāo|lai see|regalo|soldi
🧨	petardo	botto|dinamite|esplodere|esplosivo|far esplodere|fuochi artificiali|fuochi d’artificio|petardo|scintilla|scoppiare|scoppio
🧩	pezzo di puzzle	incastrarsi|incastro|indizio|pezzo|pezzo di puzzle|pezzo mancante|puzzle|tassello|tessera del puzzle
🧪	provetta	chimica|chimico|esperimenti|esperimento|laboratorio|provetta|scienza
🧫	piastra di Petri	batteri|batterio|biologa|biologia|biologo|capsula di petri|coltura|cultura|laboratorio|piastra di petri|piastra di Petri
🧬	dna	biologo|dna|evoluzione|gene|genetica|geni|vita
🧭	bussola	bussola|direzione|magnetica|navigazione|orientamento
🧮	abaco	abaco|abbaco|calcolare|calcolatrice|calcolo|fare i calcoli|pallottoliere
🧯	estintore	estinguere|estintore|fiamme|fuoco|incendio|raffreddare|spegnere|spegnere un incendio
🧰	cassetta degli attrezzi	attrezzi|attrezzo|cassetta|cassetta degli attrezzi|cassetta per gli attrezzi|meccanico|strumenti|strumento
🧱	mattoni	argilla|malta|mattone|mattoni|muro|muro di mattoni
🧲	calamita	a forma di u|attrazione|calamita|ferro di cavallo|magnete|magnetica|magnetico|positivo negativo
🧳	valigia	bagagli|bagaglio|partenza|partiamo|preparare il bagaglio|preparazione dei bagagli|si parte|trolley|valigia|viaggiare|viaggio
🧴	flacone	bottiglia di crema|bottiglia di lozione|crema|crema idratante|crema solare|filtro solare|flacone|lozione|lozione solare|shampoo
🧵	filo	ago|bobina|corda|cucire|filo|rocchetto|rotolo
🧶	gomitolo	fare a maglia|filo|gomitolo|lavorare a maglia|palla|sferruzzare|uncinetto
🧷	spilla da balia	pannolone|punk rock|spilla da balia|spilla di sicurezza
🧸	orsetto	giocattolo|imbottito|orsacchiotto|orsacchiotto di peluche|orsetto|orsetto di peluche|orso|peluche|soffice|teddy bear
🧹	scopa	pulire|scopa|scopare|spazzare|strega
🧺	cesto	biancheria|bucato|cestino|cesto|orto|picnic
🧻	rotolo di carta igienica	asciugamani di carta|carta assorbente|carta igienica|rotolo|rotolo di carta|rotolo di carta igienica|scottex
🧼	sapone	bagno|fare il bagno|insaponare|lavarsi|pulito|pulizia|sapone|saponetta|schiuma
🧽	spugna	assorbenza|assorbire|bagnare|poroso|pulire|pulizia|spugna|spugna porosa|spugnetta
🧾	scontrino	contabilità|fattura|invoice|prova|ricevuta|ricevuta di pagamento|scontrino|tenuta dei libri
🧿	occhio di Allah	amuleto|amuleto di nazar|blu|malocchio|nazar|occhio di Allah|occhio di nazar|perlina|portafortuna|talismano
🩰	scarpette da ballerina	balletto|danza|danza classica|scarpette da ballerina|scarpette da ballo
🩱	costume da bagno intero	abbigliamento|costume da bagno|costume da bagno intero|costume da donna|costume intero
🩲	slip	costume da bagno maschile|costume da uomo|intimo|mutande da uomo|slip
🩳	pantaloncini	abbigliamento|boxer|costume da bagno maschile|costume da uomo|intimo|mutande da uomo|pantaloncini|shorts
🩴	infradito	abbigliamento|ciabatte|infradito|mare|sandali|scarpe|spiaggia
🩵	cuore azzurro	affetto|amore|azzurro|celeste|cuore|emozione
🩶	cuore grigio	amore|ardesia|argento|cuore|emozione|grigio
🩷	cuore rosa	affetto|amore|cuore|emozione|rosa
🩸	goccia di sangue	ciclo mestruale|donare il sangue|donazione di sangue|goccia di sangue|medicina|medicinale|mestruazioni
🩹	cerotto	cerotto|cerotto adesivo
🩺	stetoscopio	cardiologo|dottore|dottoressa|fonendoscopio|medico|stetoscopio
🩻	radiografia	dottore|lastra|medico|ossa|radiografia|raggi x|scheletro
🩼	stampella	ausilio|bastone|disabile|ferito|infortunio|oggetto|stampella|supporto|zoppicare
🪀	yo-yo	giocattolo|rocchetto|yo-yo|yoyo
🪁	aquilone	aquilone|planare|vento|volare|volo
🪂	paracadute	parà|paracadute|paracadute ascensionale|paracadutismo|paracadutista|parasailing|skydiving|sport
🪃	boomerang	aborigeni|arma|australia|boomerang|oggetto|rimbalzo|ripercussione
🪄	bacchetta magica	abracadabra|bacchetta magica|formula magica|incantesimo|maga|magia|mago|strega|stregone
🪅	pentolaccia	caramelle|divertimento|dolcetti|festa|gioco della pentolaccia|gioco della pignatta|pentolaccia|pignatta
🪆	matrioska	bambola|bambola di legno|bambola russa|matriosca|matrioska|russia
🪇	maracas	agitare|ballare|maracas|musica|percussioni|ritmo|scuotere|strumento
🪈	flauto	fiati|fiato|flautista|flauto|legno|musica|pifferaio|piffero|strumento|zufolo
🪉	arpa	amore|arpa|cupido|musica|orchestra|strumento
🪊	trombone	coulisse|jazz|musica|ottone|strumento|tiro
🪎	forziere	argento|bottino|denaro|gemme|gioielli|oro|premio|ricchezza|valori
🪏	vanga	buco|pala|scavare|spalare|vanga
🪐	pianeta con satellite	corpo celeste|pianeta con anelli|pianeta con satellite|satellite|Saturno|spazio
🪑	sedia	mettersi seduti|mobile|sedersi|sedia|seduti|seggiola
🪒	rasoio	farsi la barba|lama da barba|lama da barbiere|lametta da barba|radersi|rasoio|rasoio da barbiere
🪓	ascia	accetta|ascia|boscaiolo|taglialegna
🪔	diya	deepak|deepam|divaa|diya|lampada a olio|lampada a olio tradizionale
🪕	banjo	banjo|musica|strumento a corde
🪖	elmetto militare	caschetto|elmetto|esercito|guerra|militare|oggetto|soldato
🪗	fisarmonica	concertina|fisarmonica|musica|organetto|strumento musicale
🪘	tamburo lungo	bongo|conga|musica|percussioni|ritmo|strumento musicale|tamburo|tamburo lungo
🪙	moneta	argento|denaro|dollaro|euro|metallo|moneta|oro|ricco|soldi|tesoro
🪚	sega da falegname	falegname|legname|legno|oggetto|sega|sega da falegname|segare|tagliare|utensile
🪛	cacciavite	avvitare|cacciavite|oggetto|svitare|utensile|vite
🪜	scala	arrampicarsi|oggetto|piolo|scala|scala a pioli|scalino
🪝	gancio	amo|curva|fermaglio|gancio|impigliarsi|intrappolare|oggetto|punto vendita|uncino
🪞	specchio	oggetto|riflesso|specchio|trucco
🪟	finestra	apertura|aria fresca|finestra|oggetto|telaio|trasparente|vista
🪠	sturalavandini	aspirazione|bagno|idraulico|ingorgo|intasamento|oggetto|scarico|sturalavandini|ventosa
🪡	ago da cucito	ago|ago da cucito|attività|cucito|punti|ricamo|sarta|sarto|sartoria|suture
🪢	nodo	annodato|corda|fune|legare|nodo|spago
🪣	secchio	contenitore|oggetto|secchia|secchio
🪤	trappola per topi	esca|formaggio|oggetto|topo|trappola|trappola per topi
🪥	spazzolino da denti	bagno|dentale|denti|igiene|lavarsi i denti|oggetto|pulito|pulizia|spazzolino|spazzolino da denti
🪦	lapide	cimitero|lapide|morto|pietra tombale|RIP|sepoltura|tomba
🪧	cartello	cartello|corteo|manifestazione|manifesto|oggetto|picchetto|protesta|striscione
🪨	roccia	duro|macigno|masso|pesante|pietra|roccia|sasso|solido
🪩	palla da discoteca	ballare|brillare|dance|disco|discoteca|festa|glitter|palla a specchio|palla da discoteca|party|specchi
🪪	carta d’identità	badge|carta d’identità|credenziali|documento d’identità|identificazione|patente|sicurezza|tessera
🪫	batteria scarica	batteria scarica|elettronica|energia bassa|esausta|esausto|pila scarica|ricarica
🪬	mano di Fatima	amuleto|fortuna|hamsa|khamsa|Mano con l’occhio divino|Mano di ALO|mano di Fatima|Maria|Miriam|protezione
🪭	ventaglio	afa|aria|caldo|rinfrescare|sventagliare|sventolare|timidezza|ventaglio
🪮	pettine afro	afro|capelli|pettinatura|pettine
🪯	khanda	khanda|religione|Sikh|sikhismo
🪰	mosca	animale|decomposizione|infestante|insetto|insetto volante|larva|malattia|mosca|moscone|volare
🪱	verme	anellide|animale|lombrico|parassita|strisciare|verme
🪲	coleottero	animale|cimice|coleottero|insetto|scarabeo
🪳	scarafaggio	animale|blatta|disgustoso|infestante|insetto|scarafaggio
🪴	pianta in vaso	casa|coltivare|curare|decorare|inutile|noioso|pianta|pianta in vaso|vaso|verde
🪵	legna	ceppo|ciocco|legna|legname|legno|tronco
🪶	piuma	leggero|penna|piuma|piumaggio|uccello|volo
🪷	loto	bellezza|buddhismo|fior di loto|fiore|India|induismo|loto|purezza|serenità|Vietnam|yoga
🪸	corallo	barriera|barriera corallina|cambiamento climatico|corallo|mare|oceano
🪹	nido vuoto	nidificazione|nido|nido vuoto
🪺	nido con uova	nidificazione|nido|nido con uova|nido di uccelli|uccelli|uova
🪻	giacinto	bocca di leone|fiore|giacinto|lavanda|lupino|primavera
🪼	medusa	animale|bruciatura|dolore|invertebrato|mare|medusa|puntura|trasparente|urticante
🪽	ala	ala|angelo|aviazione|mitologia|uccello|volare
🪾	albero spoglio	inverno|senza foglie|siccità
🪿	oca	animale|oca|papera|pollame|starnazzare|stupidità|uccello
🫀	organo del cuore	anatomia|battito|cardiologia|cuore|cuore vero|organo|organo del cuore|pulsazione|rosso
🫁	polmoni	espirazione|inspirazione|organo|polmoni|respirazione|respiro
🫂	persone che si abbracciano	abbraccio|addio|amicizia|amore|ciao|confortare|consolare|grazie|persone|persone che si abbracciano
🫃	uomo incinto	gonfio|gravido|incinto|pancia|pieno|troppo cibo|uomo
🫄	persona incinta	gonfio|gravido|incinta|incinto|pancia|persona incinta|pieno|troppo cibo
🫅	persona con corona	monarca|nobile|persona con corona|re|reale|regale|regina
🫆	impronta digitale	identità|impronta digitale|indizio|riconoscimento biometrico|scienza forense|sicurezza|traccia
🫈	creatura pelosa	bigfoot|criptide|foresta|gigante|peloso|sasquatch|scimmione|yeti
🫍	orca	animale|cetaceo|marino|oceano
🫎	alce	alce|animale|corna|mammifero
🫏	asino	animale|asino|mammifero|mulo|somaro|testardo
🫐	mirtilli	bacca|blu|cibo|frutta|frutti di bosco|mirtilli|mirtillo
🫑	peperone	cibo|ortaggio|peperone|peperone verde|verdure
🫒	oliva	cibo|olio|oliva|ramo di ulivo|ulivo
🫓	focaccia	arepa|cibo|focaccia|lavash|naan|pane|piadina|pita|tigella
🫔	tamale	cibo|involtino|messicano|pamonha|tamale
🫕	fonduta	cibo|cioccolato|fonduta|formaggio|fuso|pentola|sci
🫖	teiera	bere|cibo|tè|teiera|thè
🫗	liquido versato	bevanda|bicchiere|bicchiere rovesciato|drink|liquido versato|rovesciare|svuotare|versare
🫘	fagioli	cibo|fagioli|legume
🫙	barattolo	barattolo|condimento|conservare|contenitore|dispensa|salsa|sugo|vuoto
🫚	radice di zenzero	birra|radice|radice di zenzero|salute|spezia|zenzero
🫛	baccello di piselli	baccello|baccello di piselli|cibo|edamame|legume|pisello|vegetale|verdura
🫜	ortaggio da radice	barbabietola|orto|radice|rapa|vegetale
🫟	spruzzo	chiazza|holi|pittura|rovesciare|schizzo|vernice
🫠	faccina che si scioglie	afa|caldo|dissolversi|faccina che si scioglie|liquefarsi|liquido|sciogliendo|sciogliersi|sciolto|sparire|squagliando|squagliarsi
🫡	faccina che fa il saluto	agli ordini|d’accordo|faccina che fa il saluto militare|militare|obbedisco|ok|saluto|signorsì|sissignora|sissignore|truppe|va bene
🫢	faccina con occhi aperti e mano sulla bocca	imbarazzo|incredibile|incredulità|meraviglia|non ci credo|non ci posso credere|ops|sconvolto|shock|sorpresa|spavento|stupore
🫣	faccina che sbircia tra le dita	curiosità|faccina che sbircia tra le dita|fissare|imbarazzo|incuriosito|nascondo|sbirciare|sbircio|spiare|timida|timido
🫤	faccina perplessa	confuso|così così|deluso|dubbioso|faccina perplessa|mah|meh|perplesso|scettico
🫥	faccina tratteggiata	depresso|faccina tratteggiata|introverso|invisibile|nascondersi|scomparire|sparire
🫦	bocca che morde il labbro	ansia|bocca che morde il labbro|bocca con rossetto|disagio|flirtare|labbra con denti|nervoso|paura|preoccupato|sedurre|seduzione|sexy
🫧	bolle	bolle|bollicine|perle|pulito|rutto|sapone|schiuma|sott’acqua|subacqueo
🫨	faccina tremante	faccina|faccina che trema|faccina scossa|scombussolato|scosso|scossone|shock|terremoto|tremante|tremare|vibrazione
🫩	faccina con borse sotto gli occhi	assonnato|borse|esausto|occhiaie|sfinito|sonno|stanchezza|stanco
🫪	faccina stravolta	ansia|panico|scioccato|sconvolto|sorpresa|vulnerabile
🫯	nuvoletta di zuffa	confusione|dibattito|disaccordo|discussione|lotta|rissa|zuffa
🫰	mano con indice e pollice incrociati	amore|caro|costa|costoso|cuore|denaro|mano|mano con indice e pollice incrociati|schioccare|soldi
🫱	mano rivolta a destra	dare la mano|destra|mano|mano rivolta a destra|verso destra
🫲	mano rivolta a sinistra	dare la mano|mano|mano destra rivolta a sinistra|mano rivolta a sinistra|sinistra|verso sinistra
🫳	mano con il palmo verso il basso	afferrare|allontanare|cacciare|congedare|imporre|lasciar cadere|mano|mano con il palmo verso il basso|porgere la mano|scacciare|sciò
🫴	mano con il palmo verso l’alto	elemosina|mano|mano con il palmo verso l’alto|offrire|prendere|raccogliere|richiamare|sollevare|vieni qui
🫵	indice verso l’osservatore	dito puntato|indicare|indice puntato|indice verso l’osservatore|mano|puntare|tu
🫶	mani a cuore	amore|cuore|mani a cuore|mano|ti amo|ti voglio bene
🫷	mano che spinge a sinistra	alt|aspettare|batti cinque|fermare|indietro|mano che spinge verso sinistra|palmo|rifiutare|sinistra|spingere|spinta|stop
🫸	mano che spinge a destra	alt|aspettare|batti cinque|destra|fermare|indietro|mano che spinge verso destra|palmo|rifiutare|spingere|spinta|stop
